Point,Test,Output,Nominal,Spec,Weight,Pass/Fail
"Parameters: ch0=0, ch1=1.8, ch2=1.8, ch3=0, ch4=0, ch5=0, ch6=1.8, ch7=1.8, mc_iteration=1",,,,,,
1,base_setup,diff,18.7e-3,,,
"Parameters: ch0=0, ch1=1.8, ch2=1.8, ch3=0, ch4=0, ch5=0, ch6=1.8, ch7=1.8, mc_iteration=2",,,,,,
2,base_setup,diff,17.43e-3,,,
"Parameters: ch0=0, ch1=1.8, ch2=1.8, ch3=0, ch4=0, ch5=0, ch6=1.8, ch7=0, mc_iteration=1",,,,,,
3,base_setup,diff,-33.71e-3,,,
"Parameters: ch0=0, ch1=1.8, ch2=1.8, ch3=0, ch4=0, ch5=0, ch6=1.8, ch7=0, mc_iteration=2",,,,,,
4,base_setup,diff,-81.78e-3,,,
"Parameters: ch0=0, ch1=1.8, ch2=1.8, ch3=0, ch4=0, ch5=0, ch6=0, ch7=1.8, mc_iteration=1",,,,,,
5,base_setup,diff,56.65e-3,,,
"Parameters: ch0=0, ch1=1.8, ch2=1.8, ch3=0, ch4=0, ch5=0, ch6=0, ch7=1.8, mc_iteration=2",,,,,,
6,base_setup,diff,97.83e-3,,,
"Parameters: ch0=0, ch1=1.8, ch2=1.8, ch3=0, ch4=0, ch5=0, ch6=0, ch7=0, mc_iteration=1",,,,,,
7,base_setup,diff,4.293e-3,,,
"Parameters: ch0=0, ch1=1.8, ch2=1.8, ch3=0, ch4=0, ch5=0, ch6=0, ch7=0, mc_iteration=2",,,,,,
8,base_setup,diff,-1.385e-3,,,
"Parameters: ch0=0, ch1=1.8, ch2=1.8, ch3=0, ch4=0, ch5=1.8, ch6=1.8, ch7=1.8, mc_iteration=1",,,,,,
9,base_setup,diff,182.9e-3,,,
"Parameters: ch0=0, ch1=1.8, ch2=1.8, ch3=0, ch4=0, ch5=1.8, ch6=1.8, ch7=1.8, mc_iteration=2",,,,,,
10,base_setup,diff,216.5e-3,,,
"Parameters: ch0=0, ch1=1.8, ch2=1.8, ch3=0, ch4=0, ch5=1.8, ch6=1.8, ch7=0, mc_iteration=1",,,,,,
11,base_setup,diff,-29.16e-3,,,
"Parameters: ch0=0, ch1=1.8, ch2=1.8, ch3=0, ch4=0, ch5=1.8, ch6=1.8, ch7=0, mc_iteration=2",,,,,,
12,base_setup,diff,-76.37e-3,,,
"Parameters: ch0=0, ch1=1.8, ch2=1.8, ch3=0, ch4=0, ch5=1.8, ch6=0, ch7=1.8, mc_iteration=1",,,,,,
13,base_setup,diff,220.5e-3,,,
"Parameters: ch0=0, ch1=1.8, ch2=1.8, ch3=0, ch4=0, ch5=1.8, ch6=0, ch7=1.8, mc_iteration=2",,,,,,
14,base_setup,diff,296.9e-3,,,
"Parameters: ch0=0, ch1=1.8, ch2=1.8, ch3=0, ch4=0, ch5=1.8, ch6=0, ch7=0, mc_iteration=1",,,,,,
15,base_setup,diff,8.79e-3,,,
"Parameters: ch0=0, ch1=1.8, ch2=1.8, ch3=0, ch4=0, ch5=1.8, ch6=0, ch7=0, mc_iteration=2",,,,,,
16,base_setup,diff,4.196e-3,,,
"Parameters: ch0=0, ch1=1.8, ch2=1.8, ch3=0, ch4=1.8, ch5=0, ch6=1.8, ch7=1.8, mc_iteration=1",,,,,,
17,base_setup,diff,-181.5e-3,,,
"Parameters: ch0=0, ch1=1.8, ch2=1.8, ch3=0, ch4=1.8, ch5=0, ch6=1.8, ch7=1.8, mc_iteration=2",,,,,,
18,base_setup,diff,-127.3e-3,,,
"Parameters: ch0=0, ch1=1.8, ch2=1.8, ch3=0, ch4=1.8, ch5=0, ch6=1.8, ch7=0, mc_iteration=1",,,,,,
19,base_setup,diff,-233.8e-3,,,
"Parameters: ch0=0, ch1=1.8, ch2=1.8, ch3=0, ch4=1.8, ch5=0, ch6=1.8, ch7=0, mc_iteration=2",,,,,,
20,base_setup,diff,-226.3e-3,,,
"Parameters: ch0=0, ch1=1.8, ch2=1.8, ch3=0, ch4=1.8, ch5=0, ch6=0, ch7=1.8, mc_iteration=1",,,,,,
21,base_setup,diff,51.28e-3,,,
"Parameters: ch0=0, ch1=1.8, ch2=1.8, ch3=0, ch4=1.8, ch5=0, ch6=0, ch7=1.8, mc_iteration=2",,,,,,
22,base_setup,diff,94.06e-3,,,
"Parameters: ch0=0, ch1=1.8, ch2=1.8, ch3=0, ch4=1.8, ch5=0, ch6=0, ch7=0, mc_iteration=1",,,,,,
23,base_setup,diff,-1.251e-3,,,
"Parameters: ch0=0, ch1=1.8, ch2=1.8, ch3=0, ch4=1.8, ch5=0, ch6=0, ch7=0, mc_iteration=2",,,,,,
24,base_setup,diff,-5.273e-3,,,
"Parameters: ch0=0, ch1=1.8, ch2=1.8, ch3=0, ch4=1.8, ch5=1.8, ch6=1.8, ch7=1.8, mc_iteration=1",,,,,,
25,base_setup,diff,-17.52e-3,,,
"Parameters: ch0=0, ch1=1.8, ch2=1.8, ch3=0, ch4=1.8, ch5=1.8, ch6=1.8, ch7=1.8, mc_iteration=2",,,,,,
26,base_setup,diff,71.5e-3,,,
"Parameters: ch0=0, ch1=1.8, ch2=1.8, ch3=0, ch4=1.8, ch5=1.8, ch6=1.8, ch7=0, mc_iteration=1",,,,,,
27,base_setup,diff,-229.7e-3,,,
"Parameters: ch0=0, ch1=1.8, ch2=1.8, ch3=0, ch4=1.8, ch5=1.8, ch6=1.8, ch7=0, mc_iteration=2",,,,,,
28,base_setup,diff,-221.3e-3,,,
"Parameters: ch0=0, ch1=1.8, ch2=1.8, ch3=0, ch4=1.8, ch5=1.8, ch6=0, ch7=1.8, mc_iteration=1",,,,,,
29,base_setup,diff,215.5e-3,,,
"Parameters: ch0=0, ch1=1.8, ch2=1.8, ch3=0, ch4=1.8, ch5=1.8, ch6=0, ch7=1.8, mc_iteration=2",,,,,,
30,base_setup,diff,293.3e-3,,,
"Parameters: ch0=0, ch1=1.8, ch2=1.8, ch3=0, ch4=1.8, ch5=1.8, ch6=0, ch7=0, mc_iteration=1",,,,,,
31,base_setup,diff,3.244e-3,,,
"Parameters: ch0=0, ch1=1.8, ch2=1.8, ch3=0, ch4=1.8, ch5=1.8, ch6=0, ch7=0, mc_iteration=2",,,,,,
32,base_setup,diff,295.7e-6,,,
"Parameters: ch0=0, ch1=1.8, ch2=1.8, ch3=1.8, ch4=0, ch5=0, ch6=1.8, ch7=1.8, mc_iteration=1",,,,,,
33,base_setup,diff,18.73e-3,,,
"Parameters: ch0=0, ch1=1.8, ch2=1.8, ch3=1.8, ch4=0, ch5=0, ch6=1.8, ch7=1.8, mc_iteration=2",,,,,,
34,base_setup,diff,16.97e-3,,,
"Parameters: ch0=0, ch1=1.8, ch2=1.8, ch3=1.8, ch4=0, ch5=0, ch6=1.8, ch7=0, mc_iteration=1",,,,,,
35,base_setup,diff,-33.71e-3,,,
"Parameters: ch0=0, ch1=1.8, ch2=1.8, ch3=1.8, ch4=0, ch5=0, ch6=1.8, ch7=0, mc_iteration=2",,,,,,
36,base_setup,diff,-81.94e-3,,,
"Parameters: ch0=0, ch1=1.8, ch2=1.8, ch3=1.8, ch4=0, ch5=0, ch6=0, ch7=1.8, mc_iteration=1",,,,,,
37,base_setup,diff,56.62e-3,,,
"Parameters: ch0=0, ch1=1.8, ch2=1.8, ch3=1.8, ch4=0, ch5=0, ch6=0, ch7=1.8, mc_iteration=2",,,,,,
38,base_setup,diff,97.57e-3,,,
"Parameters: ch0=0, ch1=1.8, ch2=1.8, ch3=1.8, ch4=0, ch5=0, ch6=0, ch7=0, mc_iteration=1",,,,,,
39,base_setup,diff,4.308e-3,,,
"Parameters: ch0=0, ch1=1.8, ch2=1.8, ch3=1.8, ch4=0, ch5=0, ch6=0, ch7=0, mc_iteration=2",,,,,,
40,base_setup,diff,-1.377e-3,,,
"Parameters: ch0=0, ch1=1.8, ch2=1.8, ch3=1.8, ch4=0, ch5=1.8, ch6=1.8, ch7=1.8, mc_iteration=1",,,,,,
41,base_setup,diff,175e-3,,,
"Parameters: ch0=0, ch1=1.8, ch2=1.8, ch3=1.8, ch4=0, ch5=1.8, ch6=1.8, ch7=1.8, mc_iteration=2",,,,,,
42,base_setup,diff,202.6e-3,,,
"Parameters: ch0=0, ch1=1.8, ch2=1.8, ch3=1.8, ch4=0, ch5=1.8, ch6=1.8, ch7=0, mc_iteration=1",,,,,,
43,base_setup,diff,-29.41e-3,,,
"Parameters: ch0=0, ch1=1.8, ch2=1.8, ch3=1.8, ch4=0, ch5=1.8, ch6=1.8, ch7=0, mc_iteration=2",,,,,,
44,base_setup,diff,-76.48e-3,,,
"Parameters: ch0=0, ch1=1.8, ch2=1.8, ch3=1.8, ch4=0, ch5=1.8, ch6=0, ch7=1.8, mc_iteration=1",,,,,,
45,base_setup,diff,212.1e-3,,,
"Parameters: ch0=0, ch1=1.8, ch2=1.8, ch3=1.8, ch4=0, ch5=1.8, ch6=0, ch7=1.8, mc_iteration=2",,,,,,
46,base_setup,diff,283e-3,,,
"Parameters: ch0=0, ch1=1.8, ch2=1.8, ch3=1.8, ch4=0, ch5=1.8, ch6=0, ch7=0, mc_iteration=1",,,,,,
47,base_setup,diff,8.16e-3,,,
"Parameters: ch0=0, ch1=1.8, ch2=1.8, ch3=1.8, ch4=0, ch5=1.8, ch6=0, ch7=0, mc_iteration=2",,,,,,
48,base_setup,diff,4.415e-3,,,
"Parameters: ch0=0, ch1=1.8, ch2=1.8, ch3=1.8, ch4=1.8, ch5=0, ch6=1.8, ch7=1.8, mc_iteration=1",,,,,,
49,base_setup,diff,-182.2e-3,,,
"Parameters: ch0=0, ch1=1.8, ch2=1.8, ch3=1.8, ch4=1.8, ch5=0, ch6=1.8, ch7=1.8, mc_iteration=2",,,,,,
50,base_setup,diff,-128.4e-3,,,
"Parameters: ch0=0, ch1=1.8, ch2=1.8, ch3=1.8, ch4=1.8, ch5=0, ch6=1.8, ch7=0, mc_iteration=1",,,,,,
51,base_setup,diff,-234.3e-3,,,
"Parameters: ch0=0, ch1=1.8, ch2=1.8, ch3=1.8, ch4=1.8, ch5=0, ch6=1.8, ch7=0, mc_iteration=2",,,,,,
52,base_setup,diff,-226.9e-3,,,
"Parameters: ch0=0, ch1=1.8, ch2=1.8, ch3=1.8, ch4=1.8, ch5=0, ch6=0, ch7=1.8, mc_iteration=1",,,,,,
53,base_setup,diff,51.09e-3,,,
"Parameters: ch0=0, ch1=1.8, ch2=1.8, ch3=1.8, ch4=1.8, ch5=0, ch6=0, ch7=1.8, mc_iteration=2",,,,,,
54,base_setup,diff,93.81e-3,,,
"Parameters: ch0=0, ch1=1.8, ch2=1.8, ch3=1.8, ch4=1.8, ch5=0, ch6=0, ch7=0, mc_iteration=1",,,,,,
55,base_setup,diff,-1.772e-3,,,
"Parameters: ch0=0, ch1=1.8, ch2=1.8, ch3=1.8, ch4=1.8, ch5=0, ch6=0, ch7=0, mc_iteration=2",,,,,,
56,base_setup,diff,-5.271e-3,,,
"Parameters: ch0=0, ch1=1.8, ch2=1.8, ch3=1.8, ch4=1.8, ch5=1.8, ch6=1.8, ch7=1.8, mc_iteration=1",,,,,,
57,base_setup,diff,-26.27e-3,,,
"Parameters: ch0=0, ch1=1.8, ch2=1.8, ch3=1.8, ch4=1.8, ch5=1.8, ch6=1.8, ch7=1.8, mc_iteration=2",,,,,,
58,base_setup,diff,56.65e-3,,,
"Parameters: ch0=0, ch1=1.8, ch2=1.8, ch3=1.8, ch4=1.8, ch5=1.8, ch6=1.8, ch7=0, mc_iteration=1",,,,,,
59,base_setup,diff,-230.8e-3,,,
"Parameters: ch0=0, ch1=1.8, ch2=1.8, ch3=1.8, ch4=1.8, ch5=1.8, ch6=1.8, ch7=0, mc_iteration=2",,,,,,
60,base_setup,diff,-222.2e-3,,,
"Parameters: ch0=0, ch1=1.8, ch2=1.8, ch3=1.8, ch4=1.8, ch5=1.8, ch6=0, ch7=1.8, mc_iteration=1",,,,,,
61,base_setup,diff,207.7e-3,,,
"Parameters: ch0=0, ch1=1.8, ch2=1.8, ch3=1.8, ch4=1.8, ch5=1.8, ch6=0, ch7=1.8, mc_iteration=2",,,,,,
62,base_setup,diff,279.7e-3,,,
"Parameters: ch0=0, ch1=1.8, ch2=1.8, ch3=1.8, ch4=1.8, ch5=1.8, ch6=0, ch7=0, mc_iteration=1",,,,,,
63,base_setup,diff,2.547e-3,,,
"Parameters: ch0=0, ch1=1.8, ch2=1.8, ch3=1.8, ch4=1.8, ch5=1.8, ch6=0, ch7=0, mc_iteration=2",,,,,,
64,base_setup,diff,324.3e-6,,,
"Parameters: ch0=0, ch1=1.8, ch2=0, ch3=0, ch4=0, ch5=0, ch6=1.8, ch7=1.8, mc_iteration=1",,,,,,
65,base_setup,diff,18.05e-3,,,
"Parameters: ch0=0, ch1=1.8, ch2=0, ch3=0, ch4=0, ch5=0, ch6=1.8, ch7=1.8, mc_iteration=2",,,,,,
66,base_setup,diff,17.64e-3,,,
"Parameters: ch0=0, ch1=1.8, ch2=0, ch3=0, ch4=0, ch5=0, ch6=1.8, ch7=0, mc_iteration=1",,,,,,
67,base_setup,diff,-34.19e-3,,,
"Parameters: ch0=0, ch1=1.8, ch2=0, ch3=0, ch4=0, ch5=0, ch6=1.8, ch7=0, mc_iteration=2",,,,,,
68,base_setup,diff,-81.41e-3,,,
"Parameters: ch0=0, ch1=1.8, ch2=0, ch3=0, ch4=0, ch5=0, ch6=0, ch7=1.8, mc_iteration=1",,,,,,
69,base_setup,diff,56.31e-3,,,
"Parameters: ch0=0, ch1=1.8, ch2=0, ch3=0, ch4=0, ch5=0, ch6=0, ch7=1.8, mc_iteration=2",,,,,,
70,base_setup,diff,97.6e-3,,,
"Parameters: ch0=0, ch1=1.8, ch2=0, ch3=0, ch4=0, ch5=0, ch6=0, ch7=0, mc_iteration=1",,,,,,
71,base_setup,diff,4.465e-3,,,
"Parameters: ch0=0, ch1=1.8, ch2=0, ch3=0, ch4=0, ch5=0, ch6=0, ch7=0, mc_iteration=2",,,,,,
72,base_setup,diff,-1.428e-3,,,
"Parameters: ch0=0, ch1=1.8, ch2=0, ch3=0, ch4=0, ch5=1.8, ch6=1.8, ch7=1.8, mc_iteration=1",,,,,,
73,base_setup,diff,181.8e-3,,,
"Parameters: ch0=0, ch1=1.8, ch2=0, ch3=0, ch4=0, ch5=1.8, ch6=1.8, ch7=1.8, mc_iteration=2",,,,,,
74,base_setup,diff,216.5e-3,,,
"Parameters: ch0=0, ch1=1.8, ch2=0, ch3=0, ch4=0, ch5=1.8, ch6=1.8, ch7=0, mc_iteration=1",,,,,,
75,base_setup,diff,-29.76e-3,,,
"Parameters: ch0=0, ch1=1.8, ch2=0, ch3=0, ch4=0, ch5=1.8, ch6=1.8, ch7=0, mc_iteration=2",,,,,,
76,base_setup,diff,-76.01e-3,,,
"Parameters: ch0=0, ch1=1.8, ch2=0, ch3=0, ch4=0, ch5=1.8, ch6=0, ch7=1.8, mc_iteration=1",,,,,,
77,base_setup,diff,220e-3,,,
"Parameters: ch0=0, ch1=1.8, ch2=0, ch3=0, ch4=0, ch5=1.8, ch6=0, ch7=1.8, mc_iteration=2",,,,,,
78,base_setup,diff,296.5e-3,,,
"Parameters: ch0=0, ch1=1.8, ch2=0, ch3=0, ch4=0, ch5=1.8, ch6=0, ch7=0, mc_iteration=1",,,,,,
79,base_setup,diff,8.726e-3,,,
"Parameters: ch0=0, ch1=1.8, ch2=0, ch3=0, ch4=0, ch5=1.8, ch6=0, ch7=0, mc_iteration=2",,,,,,
80,base_setup,diff,4.186e-3,,,
"Parameters: ch0=0, ch1=1.8, ch2=0, ch3=0, ch4=1.8, ch5=0, ch6=1.8, ch7=1.8, mc_iteration=1",,,,,,
81,base_setup,diff,-196.5e-3,,,
"Parameters: ch0=0, ch1=1.8, ch2=0, ch3=0, ch4=1.8, ch5=0, ch6=1.8, ch7=1.8, mc_iteration=2",,,,,,
82,base_setup,diff,-119e-3,,,
"Parameters: ch0=0, ch1=1.8, ch2=0, ch3=0, ch4=1.8, ch5=0, ch6=1.8, ch7=0, mc_iteration=1",,,,,,
83,base_setup,diff,-249e-3,,,
"Parameters: ch0=0, ch1=1.8, ch2=0, ch3=0, ch4=1.8, ch5=0, ch6=1.8, ch7=0, mc_iteration=2",,,,,,
84,base_setup,diff,-218.2e-3,,,
"Parameters: ch0=0, ch1=1.8, ch2=0, ch3=0, ch4=1.8, ch5=0, ch6=0, ch7=1.8, mc_iteration=1",,,,,,
85,base_setup,diff,50.62e-3,,,
"Parameters: ch0=0, ch1=1.8, ch2=0, ch3=0, ch4=1.8, ch5=0, ch6=0, ch7=1.8, mc_iteration=2",,,,,,
86,base_setup,diff,94.1e-3,,,
"Parameters: ch0=0, ch1=1.8, ch2=0, ch3=0, ch4=1.8, ch5=0, ch6=0, ch7=0, mc_iteration=1",,,,,,
87,base_setup,diff,-1.73e-3,,,
"Parameters: ch0=0, ch1=1.8, ch2=0, ch3=0, ch4=1.8, ch5=0, ch6=0, ch7=0, mc_iteration=2",,,,,,
88,base_setup,diff,-5.078e-3,,,
"Parameters: ch0=0, ch1=1.8, ch2=0, ch3=0, ch4=1.8, ch5=1.8, ch6=1.8, ch7=1.8, mc_iteration=1",,,,,,
89,base_setup,diff,-33.18e-3,,,
"Parameters: ch0=0, ch1=1.8, ch2=0, ch3=0, ch4=1.8, ch5=1.8, ch6=1.8, ch7=1.8, mc_iteration=2",,,,,,
90,base_setup,diff,79.36e-3,,,
"Parameters: ch0=0, ch1=1.8, ch2=0, ch3=0, ch4=1.8, ch5=1.8, ch6=1.8, ch7=0, mc_iteration=1",,,,,,
91,base_setup,diff,-244.8e-3,,,
"Parameters: ch0=0, ch1=1.8, ch2=0, ch3=0, ch4=1.8, ch5=1.8, ch6=1.8, ch7=0, mc_iteration=2",,,,,,
92,base_setup,diff,-213.1e-3,,,
"Parameters: ch0=0, ch1=1.8, ch2=0, ch3=0, ch4=1.8, ch5=1.8, ch6=0, ch7=1.8, mc_iteration=1",,,,,,
93,base_setup,diff,214.5e-3,,,
"Parameters: ch0=0, ch1=1.8, ch2=0, ch3=0, ch4=1.8, ch5=1.8, ch6=0, ch7=1.8, mc_iteration=2",,,,,,
94,base_setup,diff,293.1e-3,,,
"Parameters: ch0=0, ch1=1.8, ch2=0, ch3=0, ch4=1.8, ch5=1.8, ch6=0, ch7=0, mc_iteration=1",,,,,,
95,base_setup,diff,2.764e-3,,,
"Parameters: ch0=0, ch1=1.8, ch2=0, ch3=0, ch4=1.8, ch5=1.8, ch6=0, ch7=0, mc_iteration=2",,,,,,
96,base_setup,diff,821e-6,,,
"Parameters: ch0=0, ch1=1.8, ch2=0, ch3=1.8, ch4=0, ch5=0, ch6=1.8, ch7=1.8, mc_iteration=1",,,,,,
97,base_setup,diff,17.99e-3,,,
"Parameters: ch0=0, ch1=1.8, ch2=0, ch3=1.8, ch4=0, ch5=0, ch6=1.8, ch7=1.8, mc_iteration=2",,,,,,
98,base_setup,diff,17.2e-3,,,
"Parameters: ch0=0, ch1=1.8, ch2=0, ch3=1.8, ch4=0, ch5=0, ch6=1.8, ch7=0, mc_iteration=1",,,,,,
99,base_setup,diff,-34.22e-3,,,
"Parameters: ch0=0, ch1=1.8, ch2=0, ch3=1.8, ch4=0, ch5=0, ch6=1.8, ch7=0, mc_iteration=2",,,,,,
100,base_setup,diff,-81.58e-3,,,
"Parameters: ch0=0, ch1=1.8, ch2=0, ch3=1.8, ch4=0, ch5=0, ch6=0, ch7=1.8, mc_iteration=1",,,,,,
101,base_setup,diff,56.4e-3,,,
"Parameters: ch0=0, ch1=1.8, ch2=0, ch3=1.8, ch4=0, ch5=0, ch6=0, ch7=1.8, mc_iteration=2",,,,,,
102,base_setup,diff,97.42e-3,,,
"Parameters: ch0=0, ch1=1.8, ch2=0, ch3=1.8, ch4=0, ch5=0, ch6=0, ch7=0, mc_iteration=1",,,,,,
103,base_setup,diff,4.275e-3,,,
"Parameters: ch0=0, ch1=1.8, ch2=0, ch3=1.8, ch4=0, ch5=0, ch6=0, ch7=0, mc_iteration=2",,,,,,
104,base_setup,diff,-1.456e-3,,,
"Parameters: ch0=0, ch1=1.8, ch2=0, ch3=1.8, ch4=0, ch5=1.8, ch6=1.8, ch7=1.8, mc_iteration=1",,,,,,
105,base_setup,diff,173.7e-3,,,
"Parameters: ch0=0, ch1=1.8, ch2=0, ch3=1.8, ch4=0, ch5=1.8, ch6=1.8, ch7=1.8, mc_iteration=2",,,,,,
106,base_setup,diff,202.5e-3,,,
"Parameters: ch0=0, ch1=1.8, ch2=0, ch3=1.8, ch4=0, ch5=1.8, ch6=1.8, ch7=0, mc_iteration=1",,,,,,
107,base_setup,diff,-29.9e-3,,,
"Parameters: ch0=0, ch1=1.8, ch2=0, ch3=1.8, ch4=0, ch5=1.8, ch6=1.8, ch7=0, mc_iteration=2",,,,,,
108,base_setup,diff,-75.98e-3,,,
"Parameters: ch0=0, ch1=1.8, ch2=0, ch3=1.8, ch4=0, ch5=1.8, ch6=0, ch7=1.8, mc_iteration=1",,,,,,
109,base_setup,diff,211.8e-3,,,
"Parameters: ch0=0, ch1=1.8, ch2=0, ch3=1.8, ch4=0, ch5=1.8, ch6=0, ch7=1.8, mc_iteration=2",,,,,,
110,base_setup,diff,282.6e-3,,,
"Parameters: ch0=0, ch1=1.8, ch2=0, ch3=1.8, ch4=0, ch5=1.8, ch6=0, ch7=0, mc_iteration=1",,,,,,
111,base_setup,diff,8.559e-3,,,
"Parameters: ch0=0, ch1=1.8, ch2=0, ch3=1.8, ch4=0, ch5=1.8, ch6=0, ch7=0, mc_iteration=2",,,,,,
112,base_setup,diff,3.799e-3,,,
"Parameters: ch0=0, ch1=1.8, ch2=0, ch3=1.8, ch4=1.8, ch5=0, ch6=1.8, ch7=1.8, mc_iteration=1",,,,,,
113,base_setup,diff,-197.4e-3,,,
"Parameters: ch0=0, ch1=1.8, ch2=0, ch3=1.8, ch4=1.8, ch5=0, ch6=1.8, ch7=1.8, mc_iteration=2",,,,,,
114,base_setup,diff,-120.2e-3,,,
"Parameters: ch0=0, ch1=1.8, ch2=0, ch3=1.8, ch4=1.8, ch5=0, ch6=1.8, ch7=0, mc_iteration=1",,,,,,
115,base_setup,diff,-249.4e-3,,,
"Parameters: ch0=0, ch1=1.8, ch2=0, ch3=1.8, ch4=1.8, ch5=0, ch6=1.8, ch7=0, mc_iteration=2",,,,,,
116,base_setup,diff,-218.7e-3,,,
"Parameters: ch0=0, ch1=1.8, ch2=0, ch3=1.8, ch4=1.8, ch5=0, ch6=0, ch7=1.8, mc_iteration=1",,,,,,
117,base_setup,diff,50.61e-3,,,
"Parameters: ch0=0, ch1=1.8, ch2=0, ch3=1.8, ch4=1.8, ch5=0, ch6=0, ch7=1.8, mc_iteration=2",,,,,,
118,base_setup,diff,93.85e-3,,,
"Parameters: ch0=0, ch1=1.8, ch2=0, ch3=1.8, ch4=1.8, ch5=0, ch6=0, ch7=0, mc_iteration=1",,,,,,
119,base_setup,diff,-1.692e-3,,,
"Parameters: ch0=0, ch1=1.8, ch2=0, ch3=1.8, ch4=1.8, ch5=0, ch6=0, ch7=0, mc_iteration=2",,,,,,
120,base_setup,diff,-5.077e-3,,,
"Parameters: ch0=0, ch1=1.8, ch2=0, ch3=1.8, ch4=1.8, ch5=1.8, ch6=1.8, ch7=1.8, mc_iteration=1",,,,,,
121,base_setup,diff,-41.91e-3,,,
"Parameters: ch0=0, ch1=1.8, ch2=0, ch3=1.8, ch4=1.8, ch5=1.8, ch6=1.8, ch7=1.8, mc_iteration=2",,,,,,
122,base_setup,diff,64.73e-3,,,
"Parameters: ch0=0, ch1=1.8, ch2=0, ch3=1.8, ch4=1.8, ch5=1.8, ch6=1.8, ch7=0, mc_iteration=1",,,,,,
123,base_setup,diff,-245.7e-3,,,
"Parameters: ch0=0, ch1=1.8, ch2=0, ch3=1.8, ch4=1.8, ch5=1.8, ch6=1.8, ch7=0, mc_iteration=2",,,,,,
124,base_setup,diff,-213.7e-3,,,
"Parameters: ch0=0, ch1=1.8, ch2=0, ch3=1.8, ch4=1.8, ch5=1.8, ch6=0, ch7=1.8, mc_iteration=1",,,,,,
125,base_setup,diff,206.4e-3,,,
"Parameters: ch0=0, ch1=1.8, ch2=0, ch3=1.8, ch4=1.8, ch5=1.8, ch6=0, ch7=1.8, mc_iteration=2",,,,,,
126,base_setup,diff,279.3e-3,,,
"Parameters: ch0=0, ch1=1.8, ch2=0, ch3=1.8, ch4=1.8, ch5=1.8, ch6=0, ch7=0, mc_iteration=1",,,,,,
127,base_setup,diff,2.576e-3,,,
"Parameters: ch0=0, ch1=1.8, ch2=0, ch3=1.8, ch4=1.8, ch5=1.8, ch6=0, ch7=0, mc_iteration=2",,,,,,
128,base_setup,diff,103.6e-6,,,
"Parameters: ch0=0, ch1=0, ch2=1.8, ch3=0, ch4=0, ch5=0, ch6=1.8, ch7=1.8, mc_iteration=1",,,,,,
129,base_setup,diff,18.72e-3,,,
"Parameters: ch0=0, ch1=0, ch2=1.8, ch3=0, ch4=0, ch5=0, ch6=1.8, ch7=1.8, mc_iteration=2",,,,,,
130,base_setup,diff,17.28e-3,,,
"Parameters: ch0=0, ch1=0, ch2=1.8, ch3=0, ch4=0, ch5=0, ch6=1.8, ch7=0, mc_iteration=1",,,,,,
131,base_setup,diff,-33.61e-3,,,
"Parameters: ch0=0, ch1=0, ch2=1.8, ch3=0, ch4=0, ch5=0, ch6=1.8, ch7=0, mc_iteration=2",,,,,,
132,base_setup,diff,-81.65e-3,,,
"Parameters: ch0=0, ch1=0, ch2=1.8, ch3=0, ch4=0, ch5=0, ch6=0, ch7=1.8, mc_iteration=1",,,,,,
133,base_setup,diff,56.66e-3,,,
"Parameters: ch0=0, ch1=0, ch2=1.8, ch3=0, ch4=0, ch5=0, ch6=0, ch7=1.8, mc_iteration=2",,,,,,
134,base_setup,diff,98.12e-3,,,
"Parameters: ch0=0, ch1=0, ch2=1.8, ch3=0, ch4=0, ch5=0, ch6=0, ch7=0, mc_iteration=1",,,,,,
135,base_setup,diff,4.239e-3,,,
"Parameters: ch0=0, ch1=0, ch2=1.8, ch3=0, ch4=0, ch5=0, ch6=0, ch7=0, mc_iteration=2",,,,,,
136,base_setup,diff,-1.38e-3,,,
"Parameters: ch0=0, ch1=0, ch2=1.8, ch3=0, ch4=0, ch5=1.8, ch6=1.8, ch7=1.8, mc_iteration=1",,,,,,
137,base_setup,diff,194.4e-3,,,
"Parameters: ch0=0, ch1=0, ch2=1.8, ch3=0, ch4=0, ch5=1.8, ch6=1.8, ch7=1.8, mc_iteration=2",,,,,,
138,base_setup,diff,230.6e-3,,,
"Parameters: ch0=0, ch1=0, ch2=1.8, ch3=0, ch4=0, ch5=1.8, ch6=1.8, ch7=0, mc_iteration=1",,,,,,
139,base_setup,diff,-28.93e-3,,,
"Parameters: ch0=0, ch1=0, ch2=1.8, ch3=0, ch4=0, ch5=1.8, ch6=1.8, ch7=0, mc_iteration=2",,,,,,
140,base_setup,diff,-75.86e-3,,,
"Parameters: ch0=0, ch1=0, ch2=1.8, ch3=0, ch4=0, ch5=1.8, ch6=0, ch7=1.8, mc_iteration=1",,,,,,
141,base_setup,diff,232.1e-3,,,
"Parameters: ch0=0, ch1=0, ch2=1.8, ch3=0, ch4=0, ch5=1.8, ch6=0, ch7=1.8, mc_iteration=2",,,,,,
142,base_setup,diff,310.8e-3,,,
"Parameters: ch0=0, ch1=0, ch2=1.8, ch3=0, ch4=0, ch5=1.8, ch6=0, ch7=0, mc_iteration=1",,,,,,
143,base_setup,diff,9.069e-3,,,
"Parameters: ch0=0, ch1=0, ch2=1.8, ch3=0, ch4=0, ch5=1.8, ch6=0, ch7=0, mc_iteration=2",,,,,,
144,base_setup,diff,4.581e-3,,,
"Parameters: ch0=0, ch1=0, ch2=1.8, ch3=0, ch4=1.8, ch5=0, ch6=1.8, ch7=1.8, mc_iteration=1",,,,,,
145,base_setup,diff,-180.5e-3,,,
"Parameters: ch0=0, ch1=0, ch2=1.8, ch3=0, ch4=1.8, ch5=0, ch6=1.8, ch7=1.8, mc_iteration=2",,,,,,
146,base_setup,diff,-126.4e-3,,,
"Parameters: ch0=0, ch1=0, ch2=1.8, ch3=0, ch4=1.8, ch5=0, ch6=1.8, ch7=0, mc_iteration=1",,,,,,
147,base_setup,diff,-233.3e-3,,,
"Parameters: ch0=0, ch1=0, ch2=1.8, ch3=0, ch4=1.8, ch5=0, ch6=1.8, ch7=0, mc_iteration=2",,,,,,
148,base_setup,diff,-225.9e-3,,,
"Parameters: ch0=0, ch1=0, ch2=1.8, ch3=0, ch4=1.8, ch5=0, ch6=0, ch7=1.8, mc_iteration=1",,,,,,
149,base_setup,diff,51.38e-3,,,
"Parameters: ch0=0, ch1=0, ch2=1.8, ch3=0, ch4=1.8, ch5=0, ch6=0, ch7=1.8, mc_iteration=2",,,,,,
150,base_setup,diff,94.38e-3,,,
"Parameters: ch0=0, ch1=0, ch2=1.8, ch3=0, ch4=1.8, ch5=0, ch6=0, ch7=0, mc_iteration=1",,,,,,
151,base_setup,diff,-1.29e-3,,,
"Parameters: ch0=0, ch1=0, ch2=1.8, ch3=0, ch4=1.8, ch5=0, ch6=0, ch7=0, mc_iteration=2",,,,,,
152,base_setup,diff,-5.269e-3,,,
"Parameters: ch0=0, ch1=0, ch2=1.8, ch3=0, ch4=1.8, ch5=1.8, ch6=1.8, ch7=1.8, mc_iteration=1",,,,,,
153,base_setup,diff,-5.449e-3,,,
"Parameters: ch0=0, ch1=0, ch2=1.8, ch3=0, ch4=1.8, ch5=1.8, ch6=1.8, ch7=1.8, mc_iteration=2",,,,,,
154,base_setup,diff,85.91e-3,,,
"Parameters: ch0=0, ch1=0, ch2=1.8, ch3=0, ch4=1.8, ch5=1.8, ch6=1.8, ch7=0, mc_iteration=1",,,,,,
155,base_setup,diff,-228.4e-3,,,
"Parameters: ch0=0, ch1=0, ch2=1.8, ch3=0, ch4=1.8, ch5=1.8, ch6=1.8, ch7=0, mc_iteration=2",,,,,,
156,base_setup,diff,-220.5e-3,,,
"Parameters: ch0=0, ch1=0, ch2=1.8, ch3=0, ch4=1.8, ch5=1.8, ch6=0, ch7=1.8, mc_iteration=1",,,,,,
157,base_setup,diff,227e-3,,,
"Parameters: ch0=0, ch1=0, ch2=1.8, ch3=0, ch4=1.8, ch5=1.8, ch6=0, ch7=1.8, mc_iteration=2",,,,,,
158,base_setup,diff,307.2e-3,,,
"Parameters: ch0=0, ch1=0, ch2=1.8, ch3=0, ch4=1.8, ch5=1.8, ch6=0, ch7=0, mc_iteration=1",,,,,,
159,base_setup,diff,3.527e-3,,,
"Parameters: ch0=0, ch1=0, ch2=1.8, ch3=0, ch4=1.8, ch5=1.8, ch6=0, ch7=0, mc_iteration=2",,,,,,
160,base_setup,diff,685.1e-6,,,
"Parameters: ch0=0, ch1=0, ch2=1.8, ch3=1.8, ch4=0, ch5=0, ch6=1.8, ch7=1.8, mc_iteration=1",,,,,,
161,base_setup,diff,18.81e-3,,,
"Parameters: ch0=0, ch1=0, ch2=1.8, ch3=1.8, ch4=0, ch5=0, ch6=1.8, ch7=1.8, mc_iteration=2",,,,,,
162,base_setup,diff,17.46e-3,,,
"Parameters: ch0=0, ch1=0, ch2=1.8, ch3=1.8, ch4=0, ch5=0, ch6=1.8, ch7=0, mc_iteration=1",,,,,,
163,base_setup,diff,-33.7e-3,,,
"Parameters: ch0=0, ch1=0, ch2=1.8, ch3=1.8, ch4=0, ch5=0, ch6=1.8, ch7=0, mc_iteration=2",,,,,,
164,base_setup,diff,-81.82e-3,,,
"Parameters: ch0=0, ch1=0, ch2=1.8, ch3=1.8, ch4=0, ch5=0, ch6=0, ch7=1.8, mc_iteration=1",,,,,,
165,base_setup,diff,56.75e-3,,,
"Parameters: ch0=0, ch1=0, ch2=1.8, ch3=1.8, ch4=0, ch5=0, ch6=0, ch7=1.8, mc_iteration=2",,,,,,
166,base_setup,diff,97.9e-3,,,
"Parameters: ch0=0, ch1=0, ch2=1.8, ch3=1.8, ch4=0, ch5=0, ch6=0, ch7=0, mc_iteration=1",,,,,,
167,base_setup,diff,4.293e-3,,,
"Parameters: ch0=0, ch1=0, ch2=1.8, ch3=1.8, ch4=0, ch5=0, ch6=0, ch7=0, mc_iteration=2",,,,,,
168,base_setup,diff,-1.375e-3,,,
"Parameters: ch0=0, ch1=0, ch2=1.8, ch3=1.8, ch4=0, ch5=1.8, ch6=1.8, ch7=1.8, mc_iteration=1",,,,,,
169,base_setup,diff,186.2e-3,,,
"Parameters: ch0=0, ch1=0, ch2=1.8, ch3=1.8, ch4=0, ch5=1.8, ch6=1.8, ch7=1.8, mc_iteration=2",,,,,,
170,base_setup,diff,217.3e-3,,,
"Parameters: ch0=0, ch1=0, ch2=1.8, ch3=1.8, ch4=0, ch5=1.8, ch6=1.8, ch7=0, mc_iteration=1",,,,,,
171,base_setup,diff,-28.94e-3,,,
"Parameters: ch0=0, ch1=0, ch2=1.8, ch3=1.8, ch4=0, ch5=1.8, ch6=1.8, ch7=0, mc_iteration=2",,,,,,
172,base_setup,diff,-76.39e-3,,,
"Parameters: ch0=0, ch1=0, ch2=1.8, ch3=1.8, ch4=0, ch5=1.8, ch6=0, ch7=1.8, mc_iteration=1",,,,,,
173,base_setup,diff,223.9e-3,,,
"Parameters: ch0=0, ch1=0, ch2=1.8, ch3=1.8, ch4=0, ch5=1.8, ch6=0, ch7=1.8, mc_iteration=2",,,,,,
174,base_setup,diff,297.7e-3,,,
"Parameters: ch0=0, ch1=0, ch2=1.8, ch3=1.8, ch4=0, ch5=1.8, ch6=0, ch7=0, mc_iteration=1",,,,,,
175,base_setup,diff,8.88e-3,,,
"Parameters: ch0=0, ch1=0, ch2=1.8, ch3=1.8, ch4=0, ch5=1.8, ch6=0, ch7=0, mc_iteration=2",,,,,,
176,base_setup,diff,4.216e-3,,,
"Parameters: ch0=0, ch1=0, ch2=1.8, ch3=1.8, ch4=1.8, ch5=0, ch6=1.8, ch7=1.8, mc_iteration=1",,,,,,
177,base_setup,diff,-181.4e-3,,,
"Parameters: ch0=0, ch1=0, ch2=1.8, ch3=1.8, ch4=1.8, ch5=0, ch6=1.8, ch7=1.8, mc_iteration=2",,,,,,
178,base_setup,diff,-127.4e-3,,,
"Parameters: ch0=0, ch1=0, ch2=1.8, ch3=1.8, ch4=1.8, ch5=0, ch6=1.8, ch7=0, mc_iteration=1",,,,,,
179,base_setup,diff,-233.8e-3,,,
"Parameters: ch0=0, ch1=0, ch2=1.8, ch3=1.8, ch4=1.8, ch5=0, ch6=1.8, ch7=0, mc_iteration=2",,,,,,
180,base_setup,diff,-226.4e-3,,,
"Parameters: ch0=0, ch1=0, ch2=1.8, ch3=1.8, ch4=1.8, ch5=0, ch6=0, ch7=1.8, mc_iteration=1",,,,,,
181,base_setup,diff,51.37e-3,,,
"Parameters: ch0=0, ch1=0, ch2=1.8, ch3=1.8, ch4=1.8, ch5=0, ch6=0, ch7=1.8, mc_iteration=2",,,,,,
182,base_setup,diff,94.13e-3,,,
"Parameters: ch0=0, ch1=0, ch2=1.8, ch3=1.8, ch4=1.8, ch5=0, ch6=0, ch7=0, mc_iteration=1",,,,,,
183,base_setup,diff,-1.25e-3,,,
"Parameters: ch0=0, ch1=0, ch2=1.8, ch3=1.8, ch4=1.8, ch5=0, ch6=0, ch7=0, mc_iteration=2",,,,,,
184,base_setup,diff,-5.269e-3,,,
"Parameters: ch0=0, ch1=0, ch2=1.8, ch3=1.8, ch4=1.8, ch5=1.8, ch6=1.8, ch7=1.8, mc_iteration=1",,,,,,
185,base_setup,diff,-14.09e-3,,,
"Parameters: ch0=0, ch1=0, ch2=1.8, ch3=1.8, ch4=1.8, ch5=1.8, ch6=1.8, ch7=1.8, mc_iteration=2",,,,,,
186,base_setup,diff,72.15e-3,,,
"Parameters: ch0=0, ch1=0, ch2=1.8, ch3=1.8, ch4=1.8, ch5=1.8, ch6=1.8, ch7=0, mc_iteration=1",,,,,,
187,base_setup,diff,-229.5e-3,,,
"Parameters: ch0=0, ch1=0, ch2=1.8, ch3=1.8, ch4=1.8, ch5=1.8, ch6=1.8, ch7=0, mc_iteration=2",,,,,,
188,base_setup,diff,-221.5e-3,,,
"Parameters: ch0=0, ch1=0, ch2=1.8, ch3=1.8, ch4=1.8, ch5=1.8, ch6=0, ch7=1.8, mc_iteration=1",,,,,,
189,base_setup,diff,218.7e-3,,,
"Parameters: ch0=0, ch1=0, ch2=1.8, ch3=1.8, ch4=1.8, ch5=1.8, ch6=0, ch7=1.8, mc_iteration=2",,,,,,
190,base_setup,diff,294.1e-3,,,
"Parameters: ch0=0, ch1=0, ch2=1.8, ch3=1.8, ch4=1.8, ch5=1.8, ch6=0, ch7=0, mc_iteration=1",,,,,,
191,base_setup,diff,3.335e-3,,,
"Parameters: ch0=0, ch1=0, ch2=1.8, ch3=1.8, ch4=1.8, ch5=1.8, ch6=0, ch7=0, mc_iteration=2",,,,,,
192,base_setup,diff,318.7e-6,,,
"Parameters: ch0=0, ch1=0, ch2=0, ch3=0, ch4=0, ch5=0, ch6=1.8, ch7=1.8, mc_iteration=1",,,,,,
193,base_setup,diff,17.92e-3,,,
"Parameters: ch0=0, ch1=0, ch2=0, ch3=0, ch4=0, ch5=0, ch6=1.8, ch7=1.8, mc_iteration=2",,,,,,
194,base_setup,diff,17.99e-3,,,
"Parameters: ch0=0, ch1=0, ch2=0, ch3=0, ch4=0, ch5=0, ch6=1.8, ch7=0, mc_iteration=1",,,,,,
195,base_setup,diff,-33.89e-3,,,
"Parameters: ch0=0, ch1=0, ch2=0, ch3=0, ch4=0, ch5=0, ch6=1.8, ch7=0, mc_iteration=2",,,,,,
196,base_setup,diff,-81.26e-3,,,
"Parameters: ch0=0, ch1=0, ch2=0, ch3=0, ch4=0, ch5=0, ch6=0, ch7=1.8, mc_iteration=1",,,,,,
197,base_setup,diff,55.98e-3,,,
"Parameters: ch0=0, ch1=0, ch2=0, ch3=0, ch4=0, ch5=0, ch6=0, ch7=1.8, mc_iteration=2",,,,,,
198,base_setup,diff,97.5e-3,,,
"Parameters: ch0=0, ch1=0, ch2=0, ch3=0, ch4=0, ch5=0, ch6=0, ch7=0, mc_iteration=1",,,,,,
199,base_setup,diff,23.19e-3,,,
"Parameters: ch0=0, ch1=0, ch2=0, ch3=0, ch4=0, ch5=0, ch6=0, ch7=0, mc_iteration=2",,,,,,
200,base_setup,diff,21.2e-3,,,
"Parameters: ch0=0, ch1=0, ch2=0, ch3=0, ch4=0, ch5=1.8, ch6=1.8, ch7=1.8, mc_iteration=1",,,,,,
201,base_setup,diff,193.4e-3,,,
"Parameters: ch0=0, ch1=0, ch2=0, ch3=0, ch4=0, ch5=1.8, ch6=1.8, ch7=1.8, mc_iteration=2",,,,,,
202,base_setup,diff,230.6e-3,,,
"Parameters: ch0=0, ch1=0, ch2=0, ch3=0, ch4=0, ch5=1.8, ch6=1.8, ch7=0, mc_iteration=1",,,,,,
203,base_setup,diff,-29.41e-3,,,
"Parameters: ch0=0, ch1=0, ch2=0, ch3=0, ch4=0, ch5=1.8, ch6=1.8, ch7=0, mc_iteration=2",,,,,,
204,base_setup,diff,-75.5e-3,,,
"Parameters: ch0=0, ch1=0, ch2=0, ch3=0, ch4=0, ch5=1.8, ch6=0, ch7=1.8, mc_iteration=1",,,,,,
205,base_setup,diff,231.4e-3,,,
"Parameters: ch0=0, ch1=0, ch2=0, ch3=0, ch4=0, ch5=1.8, ch6=0, ch7=1.8, mc_iteration=2",,,,,,
206,base_setup,diff,310.4e-3,,,
"Parameters: ch0=0, ch1=0, ch2=0, ch3=0, ch4=0, ch5=1.8, ch6=0, ch7=0, mc_iteration=1",,,,,,
207,base_setup,diff,8.994e-3,,,
"Parameters: ch0=0, ch1=0, ch2=0, ch3=0, ch4=0, ch5=1.8, ch6=0, ch7=0, mc_iteration=2",,,,,,
208,base_setup,diff,4.572e-3,,,
"Parameters: ch0=0, ch1=0, ch2=0, ch3=0, ch4=1.8, ch5=0, ch6=1.8, ch7=1.8, mc_iteration=1",,,,,,
209,base_setup,diff,-195.8e-3,,,
"Parameters: ch0=0, ch1=0, ch2=0, ch3=0, ch4=1.8, ch5=0, ch6=1.8, ch7=1.8, mc_iteration=2",,,,,,
210,base_setup,diff,-118.4e-3,,,
"Parameters: ch0=0, ch1=0, ch2=0, ch3=0, ch4=1.8, ch5=0, ch6=1.8, ch7=0, mc_iteration=1",,,,,,
211,base_setup,diff,-248.5e-3,,,
"Parameters: ch0=0, ch1=0, ch2=0, ch3=0, ch4=1.8, ch5=0, ch6=1.8, ch7=0, mc_iteration=2",,,,,,
212,base_setup,diff,-217.8e-3,,,
"Parameters: ch0=0, ch1=0, ch2=0, ch3=0, ch4=1.8, ch5=0, ch6=0, ch7=1.8, mc_iteration=1",,,,,,
213,base_setup,diff,50.65e-3,,,
"Parameters: ch0=0, ch1=0, ch2=0, ch3=0, ch4=1.8, ch5=0, ch6=0, ch7=1.8, mc_iteration=2",,,,,,
214,base_setup,diff,94.33e-3,,,
"Parameters: ch0=0, ch1=0, ch2=0, ch3=0, ch4=1.8, ch5=0, ch6=0, ch7=0, mc_iteration=1",,,,,,
215,base_setup,diff,-1.781e-3,,,
"Parameters: ch0=0, ch1=0, ch2=0, ch3=0, ch4=1.8, ch5=0, ch6=0, ch7=0, mc_iteration=2",,,,,,
216,base_setup,diff,-5.075e-3,,,
"Parameters: ch0=0, ch1=0, ch2=0, ch3=0, ch4=1.8, ch5=1.8, ch6=1.8, ch7=1.8, mc_iteration=1",,,,,,
217,base_setup,diff,-21.1e-3,,,
"Parameters: ch0=0, ch1=0, ch2=0, ch3=0, ch4=1.8, ch5=1.8, ch6=1.8, ch7=1.8, mc_iteration=2",,,,,,
218,base_setup,diff,93.72e-3,,,
"Parameters: ch0=0, ch1=0, ch2=0, ch3=0, ch4=1.8, ch5=1.8, ch6=1.8, ch7=0, mc_iteration=1",,,,,,
219,base_setup,diff,-244.2e-3,,,
"Parameters: ch0=0, ch1=0, ch2=0, ch3=0, ch4=1.8, ch5=1.8, ch6=1.8, ch7=0, mc_iteration=2",,,,,,
220,base_setup,diff,-212.4e-3,,,
"Parameters: ch0=0, ch1=0, ch2=0, ch3=0, ch4=1.8, ch5=1.8, ch6=0, ch7=1.8, mc_iteration=1",,,,,,
221,base_setup,diff,226.1e-3,,,
"Parameters: ch0=0, ch1=0, ch2=0, ch3=0, ch4=1.8, ch5=1.8, ch6=0, ch7=1.8, mc_iteration=2",,,,,,
222,base_setup,diff,307.1e-3,,,
"Parameters: ch0=0, ch1=0, ch2=0, ch3=0, ch4=1.8, ch5=1.8, ch6=0, ch7=0, mc_iteration=1",,,,,,
223,base_setup,diff,3.046e-3,,,
"Parameters: ch0=0, ch1=0, ch2=0, ch3=0, ch4=1.8, ch5=1.8, ch6=0, ch7=0, mc_iteration=2",,,,,,
224,base_setup,diff,883e-6,,,
"Parameters: ch0=0, ch1=0, ch2=0, ch3=1.8, ch4=0, ch5=0, ch6=1.8, ch7=1.8, mc_iteration=1",,,,,,
225,base_setup,diff,18.13e-3,,,
"Parameters: ch0=0, ch1=0, ch2=0, ch3=1.8, ch4=0, ch5=0, ch6=1.8, ch7=1.8, mc_iteration=2",,,,,,
226,base_setup,diff,17.67e-3,,,
"Parameters: ch0=0, ch1=0, ch2=0, ch3=1.8, ch4=0, ch5=0, ch6=1.8, ch7=0, mc_iteration=1",,,,,,
227,base_setup,diff,-34.14e-3,,,
"Parameters: ch0=0, ch1=0, ch2=0, ch3=1.8, ch4=0, ch5=0, ch6=1.8, ch7=0, mc_iteration=2",,,,,,
228,base_setup,diff,-81.46e-3,,,
"Parameters: ch0=0, ch1=0, ch2=0, ch3=1.8, ch4=0, ch5=0, ch6=0, ch7=1.8, mc_iteration=1",,,,,,
229,base_setup,diff,56.43e-3,,,
"Parameters: ch0=0, ch1=0, ch2=0, ch3=1.8, ch4=0, ch5=0, ch6=0, ch7=1.8, mc_iteration=2",,,,,,
230,base_setup,diff,97.73e-3,,,
"Parameters: ch0=0, ch1=0, ch2=0, ch3=1.8, ch4=0, ch5=0, ch6=0, ch7=0, mc_iteration=1",,,,,,
231,base_setup,diff,4.223e-3,,,
"Parameters: ch0=0, ch1=0, ch2=0, ch3=1.8, ch4=0, ch5=0, ch6=0, ch7=0, mc_iteration=2",,,,,,
232,base_setup,diff,-1.385e-3,,,
"Parameters: ch0=0, ch1=0, ch2=0, ch3=1.8, ch4=0, ch5=1.8, ch6=1.8, ch7=1.8, mc_iteration=1",,,,,,
233,base_setup,diff,185.3e-3,,,
"Parameters: ch0=0, ch1=0, ch2=0, ch3=1.8, ch4=0, ch5=1.8, ch6=1.8, ch7=1.8, mc_iteration=2",,,,,,
234,base_setup,diff,217.3e-3,,,
"Parameters: ch0=0, ch1=0, ch2=0, ch3=1.8, ch4=0, ch5=1.8, ch6=1.8, ch7=0, mc_iteration=1",,,,,,
235,base_setup,diff,-29.27e-3,,,
"Parameters: ch0=0, ch1=0, ch2=0, ch3=1.8, ch4=0, ch5=1.8, ch6=1.8, ch7=0, mc_iteration=2",,,,,,
236,base_setup,diff,-76.03e-3,,,
"Parameters: ch0=0, ch1=0, ch2=0, ch3=1.8, ch4=0, ch5=1.8, ch6=0, ch7=1.8, mc_iteration=1",,,,,,
237,base_setup,diff,223.4e-3,,,
"Parameters: ch0=0, ch1=0, ch2=0, ch3=1.8, ch4=0, ch5=1.8, ch6=0, ch7=1.8, mc_iteration=2",,,,,,
238,base_setup,diff,297.4e-3,,,
"Parameters: ch0=0, ch1=0, ch2=0, ch3=1.8, ch4=0, ch5=1.8, ch6=0, ch7=0, mc_iteration=1",,,,,,
239,base_setup,diff,8.822e-3,,,
"Parameters: ch0=0, ch1=0, ch2=0, ch3=1.8, ch4=0, ch5=1.8, ch6=0, ch7=0, mc_iteration=2",,,,,,
240,base_setup,diff,4.211e-3,,,
"Parameters: ch0=0, ch1=0, ch2=0, ch3=1.8, ch4=1.8, ch5=0, ch6=1.8, ch7=1.8, mc_iteration=1",,,,,,
241,base_setup,diff,-196.3e-3,,,
"Parameters: ch0=0, ch1=0, ch2=0, ch3=1.8, ch4=1.8, ch5=0, ch6=1.8, ch7=1.8, mc_iteration=2",,,,,,
242,base_setup,diff,-118.9e-3,,,
"Parameters: ch0=0, ch1=0, ch2=0, ch3=1.8, ch4=1.8, ch5=0, ch6=1.8, ch7=0, mc_iteration=1",,,,,,
243,base_setup,diff,-249e-3,,,
"Parameters: ch0=0, ch1=0, ch2=0, ch3=1.8, ch4=1.8, ch5=0, ch6=1.8, ch7=0, mc_iteration=2",,,,,,
244,base_setup,diff,-218.3e-3,,,
"Parameters: ch0=0, ch1=0, ch2=0, ch3=1.8, ch4=1.8, ch5=0, ch6=0, ch7=1.8, mc_iteration=1",,,,,,
245,base_setup,diff,50.72e-3,,,
"Parameters: ch0=0, ch1=0, ch2=0, ch3=1.8, ch4=1.8, ch5=0, ch6=0, ch7=1.8, mc_iteration=2",,,,,,
246,base_setup,diff,94.18e-3,,,
"Parameters: ch0=0, ch1=0, ch2=0, ch3=1.8, ch4=1.8, ch5=0, ch6=0, ch7=0, mc_iteration=1",,,,,,
247,base_setup,diff,-1.731e-3,,,
"Parameters: ch0=0, ch1=0, ch2=0, ch3=1.8, ch4=1.8, ch5=0, ch6=0, ch7=0, mc_iteration=2",,,,,,
248,base_setup,diff,-5.073e-3,,,
"Parameters: ch0=0, ch1=0, ch2=0, ch3=1.8, ch4=1.8, ch5=1.8, ch6=1.8, ch7=1.8, mc_iteration=1",,,,,,
249,base_setup,diff,-29.75e-3,,,
"Parameters: ch0=0, ch1=0, ch2=0, ch3=1.8, ch4=1.8, ch5=1.8, ch6=1.8, ch7=1.8, mc_iteration=2",,,,,,
250,base_setup,diff,80.03e-3,,,
"Parameters: ch0=0, ch1=0, ch2=0, ch3=1.8, ch4=1.8, ch5=1.8, ch6=1.8, ch7=0, mc_iteration=1",,,,,,
251,base_setup,diff,-244.6e-3,,,
"Parameters: ch0=0, ch1=0, ch2=0, ch3=1.8, ch4=1.8, ch5=1.8, ch6=1.8, ch7=0, mc_iteration=2",,,,,,
252,base_setup,diff,-213.3e-3,,,
"Parameters: ch0=0, ch1=0, ch2=0, ch3=1.8, ch4=1.8, ch5=1.8, ch6=0, ch7=1.8, mc_iteration=1",,,,,,
253,base_setup,diff,217.9e-3,,,
"Parameters: ch0=0, ch1=0, ch2=0, ch3=1.8, ch4=1.8, ch5=1.8, ch6=0, ch7=1.8, mc_iteration=2",,,,,,
254,base_setup,diff,294e-3,,,
"Parameters: ch0=0, ch1=0, ch2=0, ch3=1.8, ch4=1.8, ch5=1.8, ch6=0, ch7=0, mc_iteration=1",,,,,,
255,base_setup,diff,2.857e-3,,,
"Parameters: ch0=0, ch1=0, ch2=0, ch3=1.8, ch4=1.8, ch5=1.8, ch6=0, ch7=0, mc_iteration=2",,,,,,
256,base_setup,diff,516.3e-6,,,
"Parameters: ch0=1.8, ch1=1.8, ch2=1.8, ch3=0, ch4=0, ch5=0, ch6=1.8, ch7=1.8, mc_iteration=1",,,,,,
257,base_setup,diff,19.29e-3,,,
"Parameters: ch0=1.8, ch1=1.8, ch2=1.8, ch3=0, ch4=0, ch5=0, ch6=1.8, ch7=1.8, mc_iteration=2",,,,,,
258,base_setup,diff,17.39e-3,,,
"Parameters: ch0=1.8, ch1=1.8, ch2=1.8, ch3=0, ch4=0, ch5=0, ch6=1.8, ch7=0, mc_iteration=1",,,,,,
259,base_setup,diff,-33.36e-3,,,
"Parameters: ch0=1.8, ch1=1.8, ch2=1.8, ch3=0, ch4=0, ch5=0, ch6=1.8, ch7=0, mc_iteration=2",,,,,,
260,base_setup,diff,-81.97e-3,,,
"Parameters: ch0=1.8, ch1=1.8, ch2=1.8, ch3=0, ch4=0, ch5=0, ch6=0, ch7=1.8, mc_iteration=1",,,,,,
261,base_setup,diff,56.86e-3,,,
"Parameters: ch0=1.8, ch1=1.8, ch2=1.8, ch3=0, ch4=0, ch5=0, ch6=0, ch7=1.8, mc_iteration=2",,,,,,
262,base_setup,diff,97.97e-3,,,
"Parameters: ch0=1.8, ch1=1.8, ch2=1.8, ch3=0, ch4=0, ch5=0, ch6=0, ch7=0, mc_iteration=1",,,,,,
263,base_setup,diff,4.341e-3,,,
"Parameters: ch0=1.8, ch1=1.8, ch2=1.8, ch3=0, ch4=0, ch5=0, ch6=0, ch7=0, mc_iteration=2",,,,,,
264,base_setup,diff,-1.46e-3,,,
"Parameters: ch0=1.8, ch1=1.8, ch2=1.8, ch3=0, ch4=0, ch5=1.8, ch6=1.8, ch7=1.8, mc_iteration=1",,,,,,
265,base_setup,diff,183.9e-3,,,
"Parameters: ch0=1.8, ch1=1.8, ch2=1.8, ch3=0, ch4=0, ch5=1.8, ch6=1.8, ch7=1.8, mc_iteration=2",,,,,,
266,base_setup,diff,216.8e-3,,,
"Parameters: ch0=1.8, ch1=1.8, ch2=1.8, ch3=0, ch4=0, ch5=1.8, ch6=1.8, ch7=0, mc_iteration=1",,,,,,
267,base_setup,diff,-28.96e-3,,,
"Parameters: ch0=1.8, ch1=1.8, ch2=1.8, ch3=0, ch4=0, ch5=1.8, ch6=1.8, ch7=0, mc_iteration=2",,,,,,
268,base_setup,diff,-76.57e-3,,,
"Parameters: ch0=1.8, ch1=1.8, ch2=1.8, ch3=0, ch4=0, ch5=1.8, ch6=0, ch7=1.8, mc_iteration=1",,,,,,
269,base_setup,diff,220.9e-3,,,
"Parameters: ch0=1.8, ch1=1.8, ch2=1.8, ch3=0, ch4=0, ch5=1.8, ch6=0, ch7=1.8, mc_iteration=2",,,,,,
270,base_setup,diff,297.2e-3,,,
"Parameters: ch0=1.8, ch1=1.8, ch2=1.8, ch3=0, ch4=0, ch5=1.8, ch6=0, ch7=0, mc_iteration=1",,,,,,
271,base_setup,diff,8.844e-3,,,
"Parameters: ch0=1.8, ch1=1.8, ch2=1.8, ch3=0, ch4=0, ch5=1.8, ch6=0, ch7=0, mc_iteration=2",,,,,,
272,base_setup,diff,4.201e-3,,,
"Parameters: ch0=1.8, ch1=1.8, ch2=1.8, ch3=0, ch4=1.8, ch5=0, ch6=1.8, ch7=1.8, mc_iteration=1",,,,,,
273,base_setup,diff,-170.5e-3,,,
"Parameters: ch0=1.8, ch1=1.8, ch2=1.8, ch3=0, ch4=1.8, ch5=0, ch6=1.8, ch7=1.8, mc_iteration=2",,,,,,
274,base_setup,diff,-129.2e-3,,,
"Parameters: ch0=1.8, ch1=1.8, ch2=1.8, ch3=0, ch4=1.8, ch5=0, ch6=1.8, ch7=0, mc_iteration=1",,,,,,
275,base_setup,diff,-222.9e-3,,,
"Parameters: ch0=1.8, ch1=1.8, ch2=1.8, ch3=0, ch4=1.8, ch5=0, ch6=1.8, ch7=0, mc_iteration=2",,,,,,
276,base_setup,diff,-228.2e-3,,,
"Parameters: ch0=1.8, ch1=1.8, ch2=1.8, ch3=0, ch4=1.8, ch5=0, ch6=0, ch7=1.8, mc_iteration=1",,,,,,
277,base_setup,diff,51.65e-3,,,
"Parameters: ch0=1.8, ch1=1.8, ch2=1.8, ch3=0, ch4=1.8, ch5=0, ch6=0, ch7=1.8, mc_iteration=2",,,,,,
278,base_setup,diff,94.12e-3,,,
"Parameters: ch0=1.8, ch1=1.8, ch2=1.8, ch3=0, ch4=1.8, ch5=0, ch6=0, ch7=0, mc_iteration=1",,,,,,
279,base_setup,diff,-895.3e-6,,,
"Parameters: ch0=1.8, ch1=1.8, ch2=1.8, ch3=0, ch4=1.8, ch5=0, ch6=0, ch7=0, mc_iteration=2",,,,,,
280,base_setup,diff,-4.993e-3,,,
"Parameters: ch0=1.8, ch1=1.8, ch2=1.8, ch3=0, ch4=1.8, ch5=1.8, ch6=1.8, ch7=1.8, mc_iteration=1",,,,,,
281,base_setup,diff,-6.13e-3,,,
"Parameters: ch0=1.8, ch1=1.8, ch2=1.8, ch3=0, ch4=1.8, ch5=1.8, ch6=1.8, ch7=1.8, mc_iteration=2",,,,,,
282,base_setup,diff,69.73e-3,,,
"Parameters: ch0=1.8, ch1=1.8, ch2=1.8, ch3=0, ch4=1.8, ch5=1.8, ch6=1.8, ch7=0, mc_iteration=1",,,,,,
283,base_setup,diff,-219.7e-3,,,
"Parameters: ch0=1.8, ch1=1.8, ch2=1.8, ch3=0, ch4=1.8, ch5=1.8, ch6=1.8, ch7=0, mc_iteration=2",,,,,,
284,base_setup,diff,-223.4e-3,,,
"Parameters: ch0=1.8, ch1=1.8, ch2=1.8, ch3=0, ch4=1.8, ch5=1.8, ch6=0, ch7=1.8, mc_iteration=1",,,,,,
285,base_setup,diff,216.6e-3,,,
"Parameters: ch0=1.8, ch1=1.8, ch2=1.8, ch3=0, ch4=1.8, ch5=1.8, ch6=0, ch7=1.8, mc_iteration=2",,,,,,
286,base_setup,diff,293.8e-3,,,
"Parameters: ch0=1.8, ch1=1.8, ch2=1.8, ch3=0, ch4=1.8, ch5=1.8, ch6=0, ch7=0, mc_iteration=1",,,,,,
287,base_setup,diff,3.655e-3,,,
"Parameters: ch0=1.8, ch1=1.8, ch2=1.8, ch3=0, ch4=1.8, ch5=1.8, ch6=0, ch7=0, mc_iteration=2",,,,,,
288,base_setup,diff,271.7e-6,,,
"Parameters: ch0=1.8, ch1=1.8, ch2=1.8, ch3=1.8, ch4=0, ch5=0, ch6=1.8, ch7=1.8, mc_iteration=1",,,,,,
289,base_setup,diff,19.35e-3,,,
"Parameters: ch0=1.8, ch1=1.8, ch2=1.8, ch3=1.8, ch4=0, ch5=0, ch6=1.8, ch7=1.8, mc_iteration=2",,,,,,
290,base_setup,diff,16.96e-3,,,
"Parameters: ch0=1.8, ch1=1.8, ch2=1.8, ch3=1.8, ch4=0, ch5=0, ch6=1.8, ch7=0, mc_iteration=1",,,,,,
291,base_setup,diff,-33.31e-3,,,
"Parameters: ch0=1.8, ch1=1.8, ch2=1.8, ch3=1.8, ch4=0, ch5=0, ch6=1.8, ch7=0, mc_iteration=2",,,,,,
292,base_setup,diff,-82.16e-3,,,
"Parameters: ch0=1.8, ch1=1.8, ch2=1.8, ch3=1.8, ch4=0, ch5=0, ch6=0, ch7=1.8, mc_iteration=1",,,,,,
293,base_setup,diff,56.66e-3,,,
"Parameters: ch0=1.8, ch1=1.8, ch2=1.8, ch3=1.8, ch4=0, ch5=0, ch6=0, ch7=1.8, mc_iteration=2",,,,,,
294,base_setup,diff,97.69e-3,,,
"Parameters: ch0=1.8, ch1=1.8, ch2=1.8, ch3=1.8, ch4=0, ch5=0, ch6=0, ch7=0, mc_iteration=1",,,,,,
295,base_setup,diff,4.4e-3,,,
"Parameters: ch0=1.8, ch1=1.8, ch2=1.8, ch3=1.8, ch4=0, ch5=0, ch6=0, ch7=0, mc_iteration=2",,,,,,
296,base_setup,diff,-1.385e-3,,,
"Parameters: ch0=1.8, ch1=1.8, ch2=1.8, ch3=1.8, ch4=0, ch5=1.8, ch6=1.8, ch7=1.8, mc_iteration=1",,,,,,
297,base_setup,diff,176.6e-3,,,
"Parameters: ch0=1.8, ch1=1.8, ch2=1.8, ch3=1.8, ch4=0, ch5=1.8, ch6=1.8, ch7=1.8, mc_iteration=2",,,,,,
298,base_setup,diff,203.4e-3,,,
"Parameters: ch0=1.8, ch1=1.8, ch2=1.8, ch3=1.8, ch4=0, ch5=1.8, ch6=1.8, ch7=0, mc_iteration=1",,,,,,
299,base_setup,diff,-29.12e-3,,,
"Parameters: ch0=1.8, ch1=1.8, ch2=1.8, ch3=1.8, ch4=0, ch5=1.8, ch6=1.8, ch7=0, mc_iteration=2",,,,,,
300,base_setup,diff,-77.23e-3,,,
"Parameters: ch0=1.8, ch1=1.8, ch2=1.8, ch3=1.8, ch4=0, ch5=1.8, ch6=0, ch7=1.8, mc_iteration=1",,,,,,
301,base_setup,diff,213.1e-3,,,
"Parameters: ch0=1.8, ch1=1.8, ch2=1.8, ch3=1.8, ch4=0, ch5=1.8, ch6=0, ch7=1.8, mc_iteration=2",,,,,,
302,base_setup,diff,283.6e-3,,,
"Parameters: ch0=1.8, ch1=1.8, ch2=1.8, ch3=1.8, ch4=0, ch5=1.8, ch6=0, ch7=0, mc_iteration=1",,,,,,
303,base_setup,diff,8.642e-3,,,
"Parameters: ch0=1.8, ch1=1.8, ch2=1.8, ch3=1.8, ch4=0, ch5=1.8, ch6=0, ch7=0, mc_iteration=2",,,,,,
304,base_setup,diff,3.812e-3,,,
"Parameters: ch0=1.8, ch1=1.8, ch2=1.8, ch3=1.8, ch4=1.8, ch5=0, ch6=1.8, ch7=1.8, mc_iteration=1",,,,,,
305,base_setup,diff,-171.6e-3,,,
"Parameters: ch0=1.8, ch1=1.8, ch2=1.8, ch3=1.8, ch4=1.8, ch5=0, ch6=1.8, ch7=1.8, mc_iteration=2",,,,,,
306,base_setup,diff,-130.9e-3,,,
"Parameters: ch0=1.8, ch1=1.8, ch2=1.8, ch3=1.8, ch4=1.8, ch5=0, ch6=1.8, ch7=0, mc_iteration=1",,,,,,
307,base_setup,diff,-223.6e-3,,,
"Parameters: ch0=1.8, ch1=1.8, ch2=1.8, ch3=1.8, ch4=1.8, ch5=0, ch6=1.8, ch7=0, mc_iteration=2",,,,,,
308,base_setup,diff,-229e-3,,,
"Parameters: ch0=1.8, ch1=1.8, ch2=1.8, ch3=1.8, ch4=1.8, ch5=0, ch6=0, ch7=1.8, mc_iteration=1",,,,,,
309,base_setup,diff,51.92e-3,,,
"Parameters: ch0=1.8, ch1=1.8, ch2=1.8, ch3=1.8, ch4=1.8, ch5=0, ch6=0, ch7=1.8, mc_iteration=2",,,,,,
310,base_setup,diff,94.02e-3,,,
"Parameters: ch0=1.8, ch1=1.8, ch2=1.8, ch3=1.8, ch4=1.8, ch5=0, ch6=0, ch7=0, mc_iteration=1",,,,,,
311,base_setup,diff,-682.3e-6,,,
"Parameters: ch0=1.8, ch1=1.8, ch2=1.8, ch3=1.8, ch4=1.8, ch5=0, ch6=0, ch7=0, mc_iteration=2",,,,,,
312,base_setup,diff,-5.272e-3,,,
"Parameters: ch0=1.8, ch1=1.8, ch2=1.8, ch3=1.8, ch4=1.8, ch5=1.8, ch6=1.8, ch7=1.8, mc_iteration=1",,,,,,
313,base_setup,diff,23.19e-3,,,
"Parameters: ch0=1.8, ch1=1.8, ch2=1.8, ch3=1.8, ch4=1.8, ch5=1.8, ch6=1.8, ch7=1.8, mc_iteration=2",,,,,,
314,base_setup,diff,21.2e-3,,,
"Parameters: ch0=1.8, ch1=1.8, ch2=1.8, ch3=1.8, ch4=1.8, ch5=1.8, ch6=1.8, ch7=0, mc_iteration=1",,,,,,
315,base_setup,diff,-220.8e-3,,,
"Parameters: ch0=1.8, ch1=1.8, ch2=1.8, ch3=1.8, ch4=1.8, ch5=1.8, ch6=1.8, ch7=0, mc_iteration=2",,,,,,
316,base_setup,diff,-225e-3,,,
"Parameters: ch0=1.8, ch1=1.8, ch2=1.8, ch3=1.8, ch4=1.8, ch5=1.8, ch6=0, ch7=1.8, mc_iteration=1",,,,,,
317,base_setup,diff,209.4e-3,,,
"Parameters: ch0=1.8, ch1=1.8, ch2=1.8, ch3=1.8, ch4=1.8, ch5=1.8, ch6=0, ch7=1.8, mc_iteration=2",,,,,,
318,base_setup,diff,280.8e-3,,,
"Parameters: ch0=1.8, ch1=1.8, ch2=1.8, ch3=1.8, ch4=1.8, ch5=1.8, ch6=0, ch7=0, mc_iteration=1",,,,,,
319,base_setup,diff,3.704e-3,,,
"Parameters: ch0=1.8, ch1=1.8, ch2=1.8, ch3=1.8, ch4=1.8, ch5=1.8, ch6=0, ch7=0, mc_iteration=2",,,,,,
320,base_setup,diff,-114.8e-6,,,
"Parameters: ch0=1.8, ch1=1.8, ch2=0, ch3=0, ch4=0, ch5=0, ch6=1.8, ch7=1.8, mc_iteration=1",,,,,,
321,base_setup,diff,18.63e-3,,,
"Parameters: ch0=1.8, ch1=1.8, ch2=0, ch3=0, ch4=0, ch5=0, ch6=1.8, ch7=1.8, mc_iteration=2",,,,,,
322,base_setup,diff,17.61e-3,,,
"Parameters: ch0=1.8, ch1=1.8, ch2=0, ch3=0, ch4=0, ch5=0, ch6=1.8, ch7=0, mc_iteration=1",,,,,,
323,base_setup,diff,-33.83e-3,,,
"Parameters: ch0=1.8, ch1=1.8, ch2=0, ch3=0, ch4=0, ch5=0, ch6=1.8, ch7=0, mc_iteration=2",,,,,,
324,base_setup,diff,-81.58e-3,,,
"Parameters: ch0=1.8, ch1=1.8, ch2=0, ch3=0, ch4=0, ch5=0, ch6=0, ch7=1.8, mc_iteration=1",,,,,,
325,base_setup,diff,56.64e-3,,,
"Parameters: ch0=1.8, ch1=1.8, ch2=0, ch3=0, ch4=0, ch5=0, ch6=0, ch7=1.8, mc_iteration=2",,,,,,
326,base_setup,diff,97.82e-3,,,
"Parameters: ch0=1.8, ch1=1.8, ch2=0, ch3=0, ch4=0, ch5=0, ch6=0, ch7=0, mc_iteration=1",,,,,,
327,base_setup,diff,4.835e-3,,,
"Parameters: ch0=1.8, ch1=1.8, ch2=0, ch3=0, ch4=0, ch5=0, ch6=0, ch7=0, mc_iteration=2",,,,,,
328,base_setup,diff,-1.43e-3,,,
"Parameters: ch0=1.8, ch1=1.8, ch2=0, ch3=0, ch4=0, ch5=1.8, ch6=1.8, ch7=1.8, mc_iteration=1",,,,,,
329,base_setup,diff,182.7e-3,,,
"Parameters: ch0=1.8, ch1=1.8, ch2=0, ch3=0, ch4=0, ch5=1.8, ch6=1.8, ch7=1.8, mc_iteration=2",,,,,,
330,base_setup,diff,216.7e-3,,,
"Parameters: ch0=1.8, ch1=1.8, ch2=0, ch3=0, ch4=0, ch5=1.8, ch6=1.8, ch7=0, mc_iteration=1",,,,,,
331,base_setup,diff,-29.38e-3,,,
"Parameters: ch0=1.8, ch1=1.8, ch2=0, ch3=0, ch4=0, ch5=1.8, ch6=1.8, ch7=0, mc_iteration=2",,,,,,
332,base_setup,diff,-76.44e-3,,,
"Parameters: ch0=1.8, ch1=1.8, ch2=0, ch3=0, ch4=0, ch5=1.8, ch6=0, ch7=1.8, mc_iteration=1",,,,,,
333,base_setup,diff,220.5e-3,,,
"Parameters: ch0=1.8, ch1=1.8, ch2=0, ch3=0, ch4=0, ch5=1.8, ch6=0, ch7=1.8, mc_iteration=2",,,,,,
334,base_setup,diff,296.9e-3,,,
"Parameters: ch0=1.8, ch1=1.8, ch2=0, ch3=0, ch4=0, ch5=1.8, ch6=0, ch7=0, mc_iteration=1",,,,,,
335,base_setup,diff,8.795e-3,,,
"Parameters: ch0=1.8, ch1=1.8, ch2=0, ch3=0, ch4=0, ch5=1.8, ch6=0, ch7=0, mc_iteration=2",,,,,,
336,base_setup,diff,4.197e-3,,,
"Parameters: ch0=1.8, ch1=1.8, ch2=0, ch3=0, ch4=1.8, ch5=0, ch6=1.8, ch7=1.8, mc_iteration=1",,,,,,
337,base_setup,diff,-185.2e-3,,,
"Parameters: ch0=1.8, ch1=1.8, ch2=0, ch3=0, ch4=1.8, ch5=0, ch6=1.8, ch7=1.8, mc_iteration=2",,,,,,
338,base_setup,diff,-121.1e-3,,,
"Parameters: ch0=1.8, ch1=1.8, ch2=0, ch3=0, ch4=1.8, ch5=0, ch6=1.8, ch7=0, mc_iteration=1",,,,,,
339,base_setup,diff,-237.4e-3,,,
"Parameters: ch0=1.8, ch1=1.8, ch2=0, ch3=0, ch4=1.8, ch5=0, ch6=1.8, ch7=0, mc_iteration=2",,,,,,
340,base_setup,diff,-220e-3,,,
"Parameters: ch0=1.8, ch1=1.8, ch2=0, ch3=0, ch4=1.8, ch5=0, ch6=0, ch7=1.8, mc_iteration=1",,,,,,
341,base_setup,diff,51.16e-3,,,
"Parameters: ch0=1.8, ch1=1.8, ch2=0, ch3=0, ch4=1.8, ch5=0, ch6=0, ch7=1.8, mc_iteration=2",,,,,,
342,base_setup,diff,94.22e-3,,,
"Parameters: ch0=1.8, ch1=1.8, ch2=0, ch3=0, ch4=1.8, ch5=0, ch6=0, ch7=0, mc_iteration=1",,,,,,
343,base_setup,diff,-1.358e-3,,,
"Parameters: ch0=1.8, ch1=1.8, ch2=0, ch3=0, ch4=1.8, ch5=0, ch6=0, ch7=0, mc_iteration=2",,,,,,
344,base_setup,diff,-5.112e-3,,,
"Parameters: ch0=1.8, ch1=1.8, ch2=0, ch3=0, ch4=1.8, ch5=1.8, ch6=1.8, ch7=1.8, mc_iteration=1",,,,,,
345,base_setup,diff,-21.21e-3,,,
"Parameters: ch0=1.8, ch1=1.8, ch2=0, ch3=0, ch4=1.8, ch5=1.8, ch6=1.8, ch7=1.8, mc_iteration=2",,,,,,
346,base_setup,diff,77.71e-3,,,
"Parameters: ch0=1.8, ch1=1.8, ch2=0, ch3=0, ch4=1.8, ch5=1.8, ch6=1.8, ch7=0, mc_iteration=1",,,,,,
347,base_setup,diff,-233.8e-3,,,
"Parameters: ch0=1.8, ch1=1.8, ch2=0, ch3=0, ch4=1.8, ch5=1.8, ch6=1.8, ch7=0, mc_iteration=2",,,,,,
348,base_setup,diff,-215.2e-3,,,
"Parameters: ch0=1.8, ch1=1.8, ch2=0, ch3=0, ch4=1.8, ch5=1.8, ch6=0, ch7=1.8, mc_iteration=1",,,,,,
349,base_setup,diff,215.3e-3,,,
"Parameters: ch0=1.8, ch1=1.8, ch2=0, ch3=0, ch4=1.8, ch5=1.8, ch6=0, ch7=1.8, mc_iteration=2",,,,,,
350,base_setup,diff,293.4e-3,,,
"Parameters: ch0=1.8, ch1=1.8, ch2=0, ch3=0, ch4=1.8, ch5=1.8, ch6=0, ch7=0, mc_iteration=1",,,,,,
351,base_setup,diff,3.139e-3,,,
"Parameters: ch0=1.8, ch1=1.8, ch2=0, ch3=0, ch4=1.8, ch5=1.8, ch6=0, ch7=0, mc_iteration=2",,,,,,
352,base_setup,diff,233.5e-6,,,
"Parameters: ch0=1.8, ch1=1.8, ch2=0, ch3=1.8, ch4=0, ch5=0, ch6=1.8, ch7=1.8, mc_iteration=1",,,,,,
353,base_setup,diff,18.6e-3,,,
"Parameters: ch0=1.8, ch1=1.8, ch2=0, ch3=1.8, ch4=0, ch5=0, ch6=1.8, ch7=1.8, mc_iteration=2",,,,,,
354,base_setup,diff,17.13e-3,,,
"Parameters: ch0=1.8, ch1=1.8, ch2=0, ch3=1.8, ch4=0, ch5=0, ch6=1.8, ch7=0, mc_iteration=1",,,,,,
355,base_setup,diff,-33.83e-3,,,
"Parameters: ch0=1.8, ch1=1.8, ch2=0, ch3=1.8, ch4=0, ch5=0, ch6=1.8, ch7=0, mc_iteration=2",,,,,,
356,base_setup,diff,-81.76e-3,,,
"Parameters: ch0=1.8, ch1=1.8, ch2=0, ch3=1.8, ch4=0, ch5=0, ch6=0, ch7=1.8, mc_iteration=1",,,,,,
357,base_setup,diff,56.61e-3,,,
"Parameters: ch0=1.8, ch1=1.8, ch2=0, ch3=1.8, ch4=0, ch5=0, ch6=0, ch7=1.8, mc_iteration=2",,,,,,
358,base_setup,diff,97.56e-3,,,
"Parameters: ch0=1.8, ch1=1.8, ch2=0, ch3=1.8, ch4=0, ch5=0, ch6=0, ch7=0, mc_iteration=1",,,,,,
359,base_setup,diff,4.392e-3,,,
"Parameters: ch0=1.8, ch1=1.8, ch2=0, ch3=1.8, ch4=0, ch5=0, ch6=0, ch7=0, mc_iteration=2",,,,,,
360,base_setup,diff,-1.373e-3,,,
"Parameters: ch0=1.8, ch1=1.8, ch2=0, ch3=1.8, ch4=0, ch5=1.8, ch6=1.8, ch7=1.8, mc_iteration=1",,,,,,
361,base_setup,diff,174.8e-3,,,
"Parameters: ch0=1.8, ch1=1.8, ch2=0, ch3=1.8, ch4=0, ch5=1.8, ch6=1.8, ch7=1.8, mc_iteration=2",,,,,,
362,base_setup,diff,202.8e-3,,,
"Parameters: ch0=1.8, ch1=1.8, ch2=0, ch3=1.8, ch4=0, ch5=1.8, ch6=1.8, ch7=0, mc_iteration=1",,,,,,
363,base_setup,diff,-29.58e-3,,,
"Parameters: ch0=1.8, ch1=1.8, ch2=0, ch3=1.8, ch4=0, ch5=1.8, ch6=1.8, ch7=0, mc_iteration=2",,,,,,
364,base_setup,diff,-76.85e-3,,,
"Parameters: ch0=1.8, ch1=1.8, ch2=0, ch3=1.8, ch4=0, ch5=1.8, ch6=0, ch7=1.8, mc_iteration=1",,,,,,
365,base_setup,diff,212.2e-3,,,
"Parameters: ch0=1.8, ch1=1.8, ch2=0, ch3=1.8, ch4=0, ch5=1.8, ch6=0, ch7=1.8, mc_iteration=2",,,,,,
366,base_setup,diff,283e-3,,,
"Parameters: ch0=1.8, ch1=1.8, ch2=0, ch3=1.8, ch4=0, ch5=1.8, ch6=0, ch7=0, mc_iteration=1",,,,,,
367,base_setup,diff,8.692e-3,,,
"Parameters: ch0=1.8, ch1=1.8, ch2=0, ch3=1.8, ch4=0, ch5=1.8, ch6=0, ch7=0, mc_iteration=2",,,,,,
368,base_setup,diff,3.809e-3,,,
"Parameters: ch0=1.8, ch1=1.8, ch2=0, ch3=1.8, ch4=1.8, ch5=0, ch6=1.8, ch7=1.8, mc_iteration=1",,,,,,
369,base_setup,diff,-185.8e-3,,,
"Parameters: ch0=1.8, ch1=1.8, ch2=0, ch3=1.8, ch4=1.8, ch5=0, ch6=1.8, ch7=1.8, mc_iteration=2",,,,,,
370,base_setup,diff,-122.2e-3,,,
"Parameters: ch0=1.8, ch1=1.8, ch2=0, ch3=1.8, ch4=1.8, ch5=0, ch6=1.8, ch7=0, mc_iteration=1",,,,,,
371,base_setup,diff,-237.9e-3,,,
"Parameters: ch0=1.8, ch1=1.8, ch2=0, ch3=1.8, ch4=1.8, ch5=0, ch6=1.8, ch7=0, mc_iteration=2",,,,,,
372,base_setup,diff,-220.7e-3,,,
"Parameters: ch0=1.8, ch1=1.8, ch2=0, ch3=1.8, ch4=1.8, ch5=0, ch6=0, ch7=1.8, mc_iteration=1",,,,,,
373,base_setup,diff,51.03e-3,,,
"Parameters: ch0=1.8, ch1=1.8, ch2=0, ch3=1.8, ch4=1.8, ch5=0, ch6=0, ch7=1.8, mc_iteration=2",,,,,,
374,base_setup,diff,93.89e-3,,,
"Parameters: ch0=1.8, ch1=1.8, ch2=0, ch3=1.8, ch4=1.8, ch5=0, ch6=0, ch7=0, mc_iteration=1",,,,,,
375,base_setup,diff,-1.316e-3,,,
"Parameters: ch0=1.8, ch1=1.8, ch2=0, ch3=1.8, ch4=1.8, ch5=0, ch6=0, ch7=0, mc_iteration=2",,,,,,
376,base_setup,diff,-5.102e-3,,,
"Parameters: ch0=1.8, ch1=1.8, ch2=0, ch3=1.8, ch4=1.8, ch5=1.8, ch6=1.8, ch7=1.8, mc_iteration=1",,,,,,
377,base_setup,diff,-29.97e-3,,,
"Parameters: ch0=1.8, ch1=1.8, ch2=0, ch3=1.8, ch4=1.8, ch5=1.8, ch6=1.8, ch7=1.8, mc_iteration=2",,,,,,
378,base_setup,diff,62.81e-3,,,
"Parameters: ch0=1.8, ch1=1.8, ch2=0, ch3=1.8, ch4=1.8, ch5=1.8, ch6=1.8, ch7=0, mc_iteration=1",,,,,,
379,base_setup,diff,-234.5e-3,,,
"Parameters: ch0=1.8, ch1=1.8, ch2=0, ch3=1.8, ch4=1.8, ch5=1.8, ch6=1.8, ch7=0, mc_iteration=2",,,,,,
380,base_setup,diff,-216e-3,,,
"Parameters: ch0=1.8, ch1=1.8, ch2=0, ch3=1.8, ch4=1.8, ch5=1.8, ch6=0, ch7=1.8, mc_iteration=1",,,,,,
381,base_setup,diff,207.5e-3,,,
"Parameters: ch0=1.8, ch1=1.8, ch2=0, ch3=1.8, ch4=1.8, ch5=1.8, ch6=0, ch7=1.8, mc_iteration=2",,,,,,
382,base_setup,diff,279.8e-3,,,
"Parameters: ch0=1.8, ch1=1.8, ch2=0, ch3=1.8, ch4=1.8, ch5=1.8, ch6=0, ch7=0, mc_iteration=1",,,,,,
383,base_setup,diff,2.952e-3,,,
"Parameters: ch0=1.8, ch1=1.8, ch2=0, ch3=1.8, ch4=1.8, ch5=1.8, ch6=0, ch7=0, mc_iteration=2",,,,,,
384,base_setup,diff,-124.2e-6,,,
"Parameters: ch0=1.8, ch1=0, ch2=1.8, ch3=0, ch4=0, ch5=0, ch6=1.8, ch7=1.8, mc_iteration=1",,,,,,
385,base_setup,diff,19.38e-3,,,
"Parameters: ch0=1.8, ch1=0, ch2=1.8, ch3=0, ch4=0, ch5=0, ch6=1.8, ch7=1.8, mc_iteration=2",,,,,,
386,base_setup,diff,17.84e-3,,,
"Parameters: ch0=1.8, ch1=0, ch2=1.8, ch3=0, ch4=0, ch5=0, ch6=1.8, ch7=0, mc_iteration=1",,,,,,
387,base_setup,diff,-33.36e-3,,,
"Parameters: ch0=1.8, ch1=0, ch2=1.8, ch3=0, ch4=0, ch5=0, ch6=1.8, ch7=0, mc_iteration=2",,,,,,
388,base_setup,diff,-81.82e-3,,,
"Parameters: ch0=1.8, ch1=0, ch2=1.8, ch3=0, ch4=0, ch5=0, ch6=0, ch7=1.8, mc_iteration=1",,,,,,
389,base_setup,diff,56.98e-3,,,
"Parameters: ch0=1.8, ch1=0, ch2=1.8, ch3=0, ch4=0, ch5=0, ch6=0, ch7=1.8, mc_iteration=2",,,,,,
390,base_setup,diff,98.3e-3,,,
"Parameters: ch0=1.8, ch1=0, ch2=1.8, ch3=0, ch4=0, ch5=0, ch6=0, ch7=0, mc_iteration=1",,,,,,
391,base_setup,diff,4.303e-3,,,
"Parameters: ch0=1.8, ch1=0, ch2=1.8, ch3=0, ch4=0, ch5=0, ch6=0, ch7=0, mc_iteration=2",,,,,,
392,base_setup,diff,-1.37e-3,,,
"Parameters: ch0=1.8, ch1=0, ch2=1.8, ch3=0, ch4=0, ch5=1.8, ch6=1.8, ch7=1.8, mc_iteration=1",,,,,,
393,base_setup,diff,195.1e-3,,,
"Parameters: ch0=1.8, ch1=0, ch2=1.8, ch3=0, ch4=0, ch5=1.8, ch6=1.8, ch7=1.8, mc_iteration=2",,,,,,
394,base_setup,diff,230.7e-3,,,
"Parameters: ch0=1.8, ch1=0, ch2=1.8, ch3=0, ch4=0, ch5=1.8, ch6=1.8, ch7=0, mc_iteration=1",,,,,,
395,base_setup,diff,-28.58e-3,,,
"Parameters: ch0=1.8, ch1=0, ch2=1.8, ch3=0, ch4=0, ch5=1.8, ch6=1.8, ch7=0, mc_iteration=2",,,,,,
396,base_setup,diff,-76.03e-3,,,
"Parameters: ch0=1.8, ch1=0, ch2=1.8, ch3=0, ch4=0, ch5=1.8, ch6=0, ch7=1.8, mc_iteration=1",,,,,,
397,base_setup,diff,232.5e-3,,,
"Parameters: ch0=1.8, ch1=0, ch2=1.8, ch3=0, ch4=0, ch5=1.8, ch6=0, ch7=1.8, mc_iteration=2",,,,,,
398,base_setup,diff,311.1e-3,,,
"Parameters: ch0=1.8, ch1=0, ch2=1.8, ch3=0, ch4=0, ch5=1.8, ch6=0, ch7=0, mc_iteration=1",,,,,,
399,base_setup,diff,9.217e-3,,,
"Parameters: ch0=1.8, ch1=0, ch2=1.8, ch3=0, ch4=0, ch5=1.8, ch6=0, ch7=0, mc_iteration=2",,,,,,
400,base_setup,diff,4.006e-3,,,
"Parameters: ch0=1.8, ch1=0, ch2=1.8, ch3=0, ch4=1.8, ch5=0, ch6=1.8, ch7=1.8, mc_iteration=1",,,,,,
401,base_setup,diff,-169.8e-3,,,
"Parameters: ch0=1.8, ch1=0, ch2=1.8, ch3=0, ch4=1.8, ch5=0, ch6=1.8, ch7=1.8, mc_iteration=2",,,,,,
402,base_setup,diff,-128.3e-3,,,
"Parameters: ch0=1.8, ch1=0, ch2=1.8, ch3=0, ch4=1.8, ch5=0, ch6=1.8, ch7=0, mc_iteration=1",,,,,,
403,base_setup,diff,-222.4e-3,,,
"Parameters: ch0=1.8, ch1=0, ch2=1.8, ch3=0, ch4=1.8, ch5=0, ch6=1.8, ch7=0, mc_iteration=2",,,,,,
404,base_setup,diff,-227.7e-3,,,
"Parameters: ch0=1.8, ch1=0, ch2=1.8, ch3=0, ch4=1.8, ch5=0, ch6=0, ch7=1.8, mc_iteration=1",,,,,,
405,base_setup,diff,51.9e-3,,,
"Parameters: ch0=1.8, ch1=0, ch2=1.8, ch3=0, ch4=1.8, ch5=0, ch6=0, ch7=1.8, mc_iteration=2",,,,,,
406,base_setup,diff,94.48e-3,,,
"Parameters: ch0=1.8, ch1=0, ch2=1.8, ch3=0, ch4=1.8, ch5=0, ch6=0, ch7=0, mc_iteration=1",,,,,,
407,base_setup,diff,-926.8e-6,,,
"Parameters: ch0=1.8, ch1=0, ch2=1.8, ch3=0, ch4=1.8, ch5=0, ch6=0, ch7=0, mc_iteration=2",,,,,,
408,base_setup,diff,-5.297e-3,,,
"Parameters: ch0=1.8, ch1=0, ch2=1.8, ch3=0, ch4=1.8, ch5=1.8, ch6=1.8, ch7=1.8, mc_iteration=1",,,,,,
409,base_setup,diff,5.919e-3,,,
"Parameters: ch0=1.8, ch1=0, ch2=1.8, ch3=0, ch4=1.8, ch5=1.8, ch6=1.8, ch7=1.8, mc_iteration=2",,,,,,
410,base_setup,diff,84.29e-3,,,
"Parameters: ch0=1.8, ch1=0, ch2=1.8, ch3=0, ch4=1.8, ch5=1.8, ch6=1.8, ch7=0, mc_iteration=1",,,,,,
411,base_setup,diff,-217.6e-3,,,
"Parameters: ch0=1.8, ch1=0, ch2=1.8, ch3=0, ch4=1.8, ch5=1.8, ch6=1.8, ch7=0, mc_iteration=2",,,,,,
412,base_setup,diff,-222.4e-3,,,
"Parameters: ch0=1.8, ch1=0, ch2=1.8, ch3=0, ch4=1.8, ch5=1.8, ch6=0, ch7=1.8, mc_iteration=1",,,,,,
413,base_setup,diff,227.7e-3,,,
"Parameters: ch0=1.8, ch1=0, ch2=1.8, ch3=0, ch4=1.8, ch5=1.8, ch6=0, ch7=1.8, mc_iteration=2",,,,,,
414,base_setup,diff,307.2e-3,,,
"Parameters: ch0=1.8, ch1=0, ch2=1.8, ch3=0, ch4=1.8, ch5=1.8, ch6=0, ch7=0, mc_iteration=1",,,,,,
415,base_setup,diff,4.098e-3,,,
"Parameters: ch0=1.8, ch1=0, ch2=1.8, ch3=0, ch4=1.8, ch5=1.8, ch6=0, ch7=0, mc_iteration=2",,,,,,
416,base_setup,diff,655.1e-6,,,
"Parameters: ch0=1.8, ch1=0, ch2=1.8, ch3=1.8, ch4=0, ch5=0, ch6=1.8, ch7=1.8, mc_iteration=1",,,,,,
417,base_setup,diff,19.31e-3,,,
"Parameters: ch0=1.8, ch1=0, ch2=1.8, ch3=1.8, ch4=0, ch5=0, ch6=1.8, ch7=1.8, mc_iteration=2",,,,,,
418,base_setup,diff,17.39e-3,,,
"Parameters: ch0=1.8, ch1=0, ch2=1.8, ch3=1.8, ch4=0, ch5=0, ch6=1.8, ch7=0, mc_iteration=1",,,,,,
419,base_setup,diff,-33.36e-3,,,
"Parameters: ch0=1.8, ch1=0, ch2=1.8, ch3=1.8, ch4=0, ch5=0, ch6=1.8, ch7=0, mc_iteration=2",,,,,,
420,base_setup,diff,-81.99e-3,,,
"Parameters: ch0=1.8, ch1=0, ch2=1.8, ch3=1.8, ch4=0, ch5=0, ch6=0, ch7=1.8, mc_iteration=1",,,,,,
421,base_setup,diff,56.95e-3,,,
"Parameters: ch0=1.8, ch1=0, ch2=1.8, ch3=1.8, ch4=0, ch5=0, ch6=0, ch7=1.8, mc_iteration=2",,,,,,
422,base_setup,diff,98.04e-3,,,
"Parameters: ch0=1.8, ch1=0, ch2=1.8, ch3=1.8, ch4=0, ch5=0, ch6=0, ch7=0, mc_iteration=1",,,,,,
423,base_setup,diff,4.344e-3,,,
"Parameters: ch0=1.8, ch1=0, ch2=1.8, ch3=1.8, ch4=0, ch5=0, ch6=0, ch7=0, mc_iteration=2",,,,,,
424,base_setup,diff,-1.364e-3,,,
"Parameters: ch0=1.8, ch1=0, ch2=1.8, ch3=1.8, ch4=0, ch5=1.8, ch6=1.8, ch7=1.8, mc_iteration=1",,,,,,
425,base_setup,diff,187.2e-3,,,
"Parameters: ch0=1.8, ch1=0, ch2=1.8, ch3=1.8, ch4=0, ch5=1.8, ch6=1.8, ch7=1.8, mc_iteration=2",,,,,,
426,base_setup,diff,217.6e-3,,,
"Parameters: ch0=1.8, ch1=0, ch2=1.8, ch3=1.8, ch4=0, ch5=1.8, ch6=1.8, ch7=0, mc_iteration=1",,,,,,
427,base_setup,diff,-28.62e-3,,,
"Parameters: ch0=1.8, ch1=0, ch2=1.8, ch3=1.8, ch4=0, ch5=1.8, ch6=1.8, ch7=0, mc_iteration=2",,,,,,
428,base_setup,diff,-76.59e-3,,,
"Parameters: ch0=1.8, ch1=0, ch2=1.8, ch3=1.8, ch4=0, ch5=1.8, ch6=0, ch7=1.8, mc_iteration=1",,,,,,
429,base_setup,diff,224.3e-3,,,
"Parameters: ch0=1.8, ch1=0, ch2=1.8, ch3=1.8, ch4=0, ch5=1.8, ch6=0, ch7=1.8, mc_iteration=2",,,,,,
430,base_setup,diff,298.1e-3,,,
"Parameters: ch0=1.8, ch1=0, ch2=1.8, ch3=1.8, ch4=0, ch5=1.8, ch6=0, ch7=0, mc_iteration=1",,,,,,
431,base_setup,diff,8.681e-3,,,
"Parameters: ch0=1.8, ch1=0, ch2=1.8, ch3=1.8, ch4=0, ch5=1.8, ch6=0, ch7=0, mc_iteration=2",,,,,,
432,base_setup,diff,4.224e-3,,,
"Parameters: ch0=1.8, ch1=0, ch2=1.8, ch3=1.8, ch4=1.8, ch5=0, ch6=1.8, ch7=1.8, mc_iteration=1",,,,,,
433,base_setup,diff,-170.4e-3,,,
"Parameters: ch0=1.8, ch1=0, ch2=1.8, ch3=1.8, ch4=1.8, ch5=0, ch6=1.8, ch7=1.8, mc_iteration=2",,,,,,
434,base_setup,diff,-129.4e-3,,,
"Parameters: ch0=1.8, ch1=0, ch2=1.8, ch3=1.8, ch4=1.8, ch5=0, ch6=1.8, ch7=0, mc_iteration=1",,,,,,
435,base_setup,diff,-222.8e-3,,,
"Parameters: ch0=1.8, ch1=0, ch2=1.8, ch3=1.8, ch4=1.8, ch5=0, ch6=1.8, ch7=0, mc_iteration=2",,,,,,
436,base_setup,diff,-228.3e-3,,,
"Parameters: ch0=1.8, ch1=0, ch2=1.8, ch3=1.8, ch4=1.8, ch5=0, ch6=0, ch7=1.8, mc_iteration=1",,,,,,
437,base_setup,diff,51.82e-3,,,
"Parameters: ch0=1.8, ch1=0, ch2=1.8, ch3=1.8, ch4=1.8, ch5=0, ch6=0, ch7=1.8, mc_iteration=2",,,,,,
438,base_setup,diff,94.25e-3,,,
"Parameters: ch0=1.8, ch1=0, ch2=1.8, ch3=1.8, ch4=1.8, ch5=0, ch6=0, ch7=0, mc_iteration=1",,,,,,
439,base_setup,diff,-1.216e-3,,,
"Parameters: ch0=1.8, ch1=0, ch2=1.8, ch3=1.8, ch4=1.8, ch5=0, ch6=0, ch7=0, mc_iteration=2",,,,,,
440,base_setup,diff,-5.295e-3,,,
"Parameters: ch0=1.8, ch1=0, ch2=1.8, ch3=1.8, ch4=1.8, ch5=1.8, ch6=1.8, ch7=1.8, mc_iteration=1",,,,,,
441,base_setup,diff,-2.703e-3,,,
"Parameters: ch0=1.8, ch1=0, ch2=1.8, ch3=1.8, ch4=1.8, ch5=1.8, ch6=1.8, ch7=1.8, mc_iteration=2",,,,,,
442,base_setup,diff,70.32e-3,,,
"Parameters: ch0=1.8, ch1=0, ch2=1.8, ch3=1.8, ch4=1.8, ch5=1.8, ch6=1.8, ch7=0, mc_iteration=1",,,,,,
443,base_setup,diff,-218.7e-3,,,
"Parameters: ch0=1.8, ch1=0, ch2=1.8, ch3=1.8, ch4=1.8, ch5=1.8, ch6=1.8, ch7=0, mc_iteration=2",,,,,,
444,base_setup,diff,-223.6e-3,,,
"Parameters: ch0=1.8, ch1=0, ch2=1.8, ch3=1.8, ch4=1.8, ch5=1.8, ch6=0, ch7=1.8, mc_iteration=1",,,,,,
445,base_setup,diff,219.9e-3,,,
"Parameters: ch0=1.8, ch1=0, ch2=1.8, ch3=1.8, ch4=1.8, ch5=1.8, ch6=0, ch7=1.8, mc_iteration=2",,,,,,
446,base_setup,diff,294.7e-3,,,
"Parameters: ch0=1.8, ch1=0, ch2=1.8, ch3=1.8, ch4=1.8, ch5=1.8, ch6=0, ch7=0, mc_iteration=1",,,,,,
447,base_setup,diff,3.621e-3,,,
"Parameters: ch0=1.8, ch1=0, ch2=1.8, ch3=1.8, ch4=1.8, ch5=1.8, ch6=0, ch7=0, mc_iteration=2",,,,,,
448,base_setup,diff,290.6e-6,,,
"Parameters: ch0=1.8, ch1=0, ch2=0, ch3=0, ch4=0, ch5=0, ch6=1.8, ch7=1.8, mc_iteration=1",,,,,,
449,base_setup,diff,18.65e-3,,,
"Parameters: ch0=1.8, ch1=0, ch2=0, ch3=0, ch4=0, ch5=0, ch6=1.8, ch7=1.8, mc_iteration=2",,,,,,
450,base_setup,diff,18.05e-3,,,
"Parameters: ch0=1.8, ch1=0, ch2=0, ch3=0, ch4=0, ch5=0, ch6=1.8, ch7=0, mc_iteration=1",,,,,,
451,base_setup,diff,-33.81e-3,,,
"Parameters: ch0=1.8, ch1=0, ch2=0, ch3=0, ch4=0, ch5=0, ch6=1.8, ch7=0, mc_iteration=2",,,,,,
452,base_setup,diff,-81.46e-3,,,
"Parameters: ch0=1.8, ch1=0, ch2=0, ch3=0, ch4=0, ch5=0, ch6=0, ch7=1.8, mc_iteration=1",,,,,,
453,base_setup,diff,56.63e-3,,,
"Parameters: ch0=1.8, ch1=0, ch2=0, ch3=0, ch4=0, ch5=0, ch6=0, ch7=1.8, mc_iteration=2",,,,,,
454,base_setup,diff,98.1e-3,,,
"Parameters: ch0=1.8, ch1=0, ch2=0, ch3=0, ch4=0, ch5=0, ch6=0, ch7=0, mc_iteration=1",,,,,,
455,base_setup,diff,4.231e-3,,,
"Parameters: ch0=1.8, ch1=0, ch2=0, ch3=0, ch4=0, ch5=0, ch6=0, ch7=0, mc_iteration=2",,,,,,
456,base_setup,diff,-1.384e-3,,,
"Parameters: ch0=1.8, ch1=0, ch2=0, ch3=0, ch4=0, ch5=1.8, ch6=1.8, ch7=1.8, mc_iteration=1",,,,,,
457,base_setup,diff,194.2e-3,,,
"Parameters: ch0=1.8, ch1=0, ch2=0, ch3=0, ch4=0, ch5=1.8, ch6=1.8, ch7=1.8, mc_iteration=2",,,,,,
458,base_setup,diff,230.7e-3,,,
"Parameters: ch0=1.8, ch1=0, ch2=0, ch3=0, ch4=0, ch5=1.8, ch6=1.8, ch7=0, mc_iteration=1",,,,,,
459,base_setup,diff,-29.05e-3,,,
"Parameters: ch0=1.8, ch1=0, ch2=0, ch3=0, ch4=0, ch5=1.8, ch6=1.8, ch7=0, mc_iteration=2",,,,,,
460,base_setup,diff,-75.65e-3,,,
"Parameters: ch0=1.8, ch1=0, ch2=0, ch3=0, ch4=0, ch5=1.8, ch6=0, ch7=1.8, mc_iteration=1",,,,,,
461,base_setup,diff,232e-3,,,
"Parameters: ch0=1.8, ch1=0, ch2=0, ch3=0, ch4=0, ch5=1.8, ch6=0, ch7=1.8, mc_iteration=2",,,,,,
462,base_setup,diff,310.8e-3,,,
"Parameters: ch0=1.8, ch1=0, ch2=0, ch3=0, ch4=0, ch5=1.8, ch6=0, ch7=0, mc_iteration=1",,,,,,
463,base_setup,diff,9.063e-3,,,
"Parameters: ch0=1.8, ch1=0, ch2=0, ch3=0, ch4=0, ch5=1.8, ch6=0, ch7=0, mc_iteration=2",,,,,,
464,base_setup,diff,5.048e-3,,,
"Parameters: ch0=1.8, ch1=0, ch2=0, ch3=0, ch4=1.8, ch5=0, ch6=1.8, ch7=1.8, mc_iteration=1",,,,,,
465,base_setup,diff,-184.1e-3,,,
"Parameters: ch0=1.8, ch1=0, ch2=0, ch3=0, ch4=1.8, ch5=0, ch6=1.8, ch7=1.8, mc_iteration=2",,,,,,
466,base_setup,diff,-120.1e-3,,,
"Parameters: ch0=1.8, ch1=0, ch2=0, ch3=0, ch4=1.8, ch5=0, ch6=1.8, ch7=0, mc_iteration=1",,,,,,
467,base_setup,diff,-237.4e-3,,,
"Parameters: ch0=1.8, ch1=0, ch2=0, ch3=0, ch4=1.8, ch5=0, ch6=1.8, ch7=0, mc_iteration=2",,,,,,
468,base_setup,diff,-219.6e-3,,,
"Parameters: ch0=1.8, ch1=0, ch2=0, ch3=0, ch4=1.8, ch5=0, ch6=0, ch7=1.8, mc_iteration=1",,,,,,
469,base_setup,diff,51.27e-3,,,
"Parameters: ch0=1.8, ch1=0, ch2=0, ch3=0, ch4=1.8, ch5=0, ch6=0, ch7=1.8, mc_iteration=2",,,,,,
470,base_setup,diff,94.54e-3,,,
"Parameters: ch0=1.8, ch1=0, ch2=0, ch3=0, ch4=1.8, ch5=0, ch6=0, ch7=0, mc_iteration=1",,,,,,
471,base_setup,diff,-1.396e-3,,,
"Parameters: ch0=1.8, ch1=0, ch2=0, ch3=0, ch4=1.8, ch5=0, ch6=0, ch7=0, mc_iteration=2",,,,,,
472,base_setup,diff,-5.102e-3,,,
"Parameters: ch0=1.8, ch1=0, ch2=0, ch3=0, ch4=1.8, ch5=1.8, ch6=1.8, ch7=1.8, mc_iteration=1",,,,,,
473,base_setup,diff,-9.134e-3,,,
"Parameters: ch0=1.8, ch1=0, ch2=0, ch3=0, ch4=1.8, ch5=1.8, ch6=1.8, ch7=1.8, mc_iteration=2",,,,,,
474,base_setup,diff,92.13e-3,,,
"Parameters: ch0=1.8, ch1=0, ch2=0, ch3=0, ch4=1.8, ch5=1.8, ch6=1.8, ch7=0, mc_iteration=1",,,,,,
475,base_setup,diff,-232e-3,,,
"Parameters: ch0=1.8, ch1=0, ch2=0, ch3=0, ch4=1.8, ch5=1.8, ch6=1.8, ch7=0, mc_iteration=2",,,,,,
476,base_setup,diff,-214.2e-3,,,
"Parameters: ch0=1.8, ch1=0, ch2=0, ch3=0, ch4=1.8, ch5=1.8, ch6=0, ch7=1.8, mc_iteration=1",,,,,,
477,base_setup,diff,226.9e-3,,,
"Parameters: ch0=1.8, ch1=0, ch2=0, ch3=0, ch4=1.8, ch5=1.8, ch6=0, ch7=1.8, mc_iteration=2",,,,,,
478,base_setup,diff,307.3e-3,,,
"Parameters: ch0=1.8, ch1=0, ch2=0, ch3=0, ch4=1.8, ch5=1.8, ch6=0, ch7=0, mc_iteration=1",,,,,,
479,base_setup,diff,3.712e-3,,,
"Parameters: ch0=1.8, ch1=0, ch2=0, ch3=0, ch4=1.8, ch5=1.8, ch6=0, ch7=0, mc_iteration=2",,,,,,
480,base_setup,diff,854e-6,,,
"Parameters: ch0=1.8, ch1=0, ch2=0, ch3=1.8, ch4=0, ch5=0, ch6=1.8, ch7=1.8, mc_iteration=1",,,,,,
481,base_setup,diff,18.7e-3,,,
"Parameters: ch0=1.8, ch1=0, ch2=0, ch3=1.8, ch4=0, ch5=0, ch6=1.8, ch7=1.8, mc_iteration=2",,,,,,
482,base_setup,diff,17.63e-3,,,
"Parameters: ch0=1.8, ch1=0, ch2=0, ch3=1.8, ch4=0, ch5=0, ch6=1.8, ch7=0, mc_iteration=1",,,,,,
483,base_setup,diff,-33.85e-3,,,
"Parameters: ch0=1.8, ch1=0, ch2=0, ch3=1.8, ch4=0, ch5=0, ch6=1.8, ch7=0, mc_iteration=2",,,,,,
484,base_setup,diff,-81.63e-3,,,
"Parameters: ch0=1.8, ch1=0, ch2=0, ch3=1.8, ch4=0, ch5=0, ch6=0, ch7=1.8, mc_iteration=1",,,,,,
485,base_setup,diff,56.73e-3,,,
"Parameters: ch0=1.8, ch1=0, ch2=0, ch3=1.8, ch4=0, ch5=0, ch6=0, ch7=1.8, mc_iteration=2",,,,,,
486,base_setup,diff,97.9e-3,,,
"Parameters: ch0=1.8, ch1=0, ch2=0, ch3=1.8, ch4=0, ch5=0, ch6=0, ch7=0, mc_iteration=1",,,,,,
487,base_setup,diff,4.284e-3,,,
"Parameters: ch0=1.8, ch1=0, ch2=0, ch3=1.8, ch4=0, ch5=0, ch6=0, ch7=0, mc_iteration=2",,,,,,
488,base_setup,diff,-1.371e-3,,,
"Parameters: ch0=1.8, ch1=0, ch2=0, ch3=1.8, ch4=0, ch5=1.8, ch6=1.8, ch7=1.8, mc_iteration=1",,,,,,
489,base_setup,diff,186.1e-3,,,
"Parameters: ch0=1.8, ch1=0, ch2=0, ch3=1.8, ch4=0, ch5=1.8, ch6=1.8, ch7=1.8, mc_iteration=2",,,,,,
490,base_setup,diff,217.5e-3,,,
"Parameters: ch0=1.8, ch1=0, ch2=0, ch3=1.8, ch4=0, ch5=1.8, ch6=1.8, ch7=0, mc_iteration=1",,,,,,
491,base_setup,diff,-28.98e-3,,,
"Parameters: ch0=1.8, ch1=0, ch2=0, ch3=1.8, ch4=0, ch5=1.8, ch6=1.8, ch7=0, mc_iteration=2",,,,,,
492,base_setup,diff,-76.21e-3,,,
"Parameters: ch0=1.8, ch1=0, ch2=0, ch3=1.8, ch4=0, ch5=1.8, ch6=0, ch7=1.8, mc_iteration=1",,,,,,
493,base_setup,diff,223.9e-3,,,
"Parameters: ch0=1.8, ch1=0, ch2=0, ch3=1.8, ch4=0, ch5=1.8, ch6=0, ch7=1.8, mc_iteration=2",,,,,,
494,base_setup,diff,297.7e-3,,,
"Parameters: ch0=1.8, ch1=0, ch2=0, ch3=1.8, ch4=0, ch5=1.8, ch6=0, ch7=0, mc_iteration=1",,,,,,
495,base_setup,diff,8.765e-3,,,
"Parameters: ch0=1.8, ch1=0, ch2=0, ch3=1.8, ch4=0, ch5=1.8, ch6=0, ch7=0, mc_iteration=2",,,,,,
496,base_setup,diff,4.22e-3,,,
"Parameters: ch0=1.8, ch1=0, ch2=0, ch3=1.8, ch4=1.8, ch5=0, ch6=1.8, ch7=1.8, mc_iteration=1",,,,,,
497,base_setup,diff,-185e-3,,,
"Parameters: ch0=1.8, ch1=0, ch2=0, ch3=1.8, ch4=1.8, ch5=0, ch6=1.8, ch7=1.8, mc_iteration=2",,,,,,
498,base_setup,diff,-121.2e-3,,,
"Parameters: ch0=1.8, ch1=0, ch2=0, ch3=1.8, ch4=1.8, ch5=0, ch6=1.8, ch7=0, mc_iteration=1",,,,,,
499,base_setup,diff,-237.4e-3,,,
"Parameters: ch0=1.8, ch1=0, ch2=0, ch3=1.8, ch4=1.8, ch5=0, ch6=1.8, ch7=0, mc_iteration=2",,,,,,
500,base_setup,diff,-220.2e-3,,,
"Parameters: ch0=1.8, ch1=0, ch2=0, ch3=1.8, ch4=1.8, ch5=0, ch6=0, ch7=1.8, mc_iteration=1",,,,,,
501,base_setup,diff,51.25e-3,,,
"Parameters: ch0=1.8, ch1=0, ch2=0, ch3=1.8, ch4=1.8, ch5=0, ch6=0, ch7=1.8, mc_iteration=2",,,,,,
502,base_setup,diff,94.29e-3,,,
"Parameters: ch0=1.8, ch1=0, ch2=0, ch3=1.8, ch4=1.8, ch5=0, ch6=0, ch7=0, mc_iteration=1",,,,,,
503,base_setup,diff,-951.6e-6,,,
"Parameters: ch0=1.8, ch1=0, ch2=0, ch3=1.8, ch4=1.8, ch5=0, ch6=0, ch7=0, mc_iteration=2",,,,,,
504,base_setup,diff,-5.101e-3,,,
"Parameters: ch0=1.8, ch1=0, ch2=0, ch3=1.8, ch4=1.8, ch5=1.8, ch6=1.8, ch7=1.8, mc_iteration=1",,,,,,
505,base_setup,diff,-17.78e-3,,,
"Parameters: ch0=1.8, ch1=0, ch2=0, ch3=1.8, ch4=1.8, ch5=1.8, ch6=1.8, ch7=1.8, mc_iteration=2",,,,,,
506,base_setup,diff,78.35e-3,,,
"Parameters: ch0=1.8, ch1=0, ch2=0, ch3=1.8, ch4=1.8, ch5=1.8, ch6=1.8, ch7=0, mc_iteration=1",,,,,,
507,base_setup,diff,-233.1e-3,,,
"Parameters: ch0=1.8, ch1=0, ch2=0, ch3=1.8, ch4=1.8, ch5=1.8, ch6=1.8, ch7=0, mc_iteration=2",,,,,,
508,base_setup,diff,-215.2e-3,,,
"Parameters: ch0=1.8, ch1=0, ch2=0, ch3=1.8, ch4=1.8, ch5=1.8, ch6=0, ch7=1.8, mc_iteration=1",,,,,,
509,base_setup,diff,218.6e-3,,,
"Parameters: ch0=1.8, ch1=0, ch2=0, ch3=1.8, ch4=1.8, ch5=1.8, ch6=0, ch7=1.8, mc_iteration=2",,,,,,
510,base_setup,diff,294.2e-3,,,
"Parameters: ch0=1.8, ch1=0, ch2=0, ch3=1.8, ch4=1.8, ch5=1.8, ch6=0, ch7=0, mc_iteration=1",,,,,,
511,base_setup,diff,3.229e-3,,,
"Parameters: ch0=1.8, ch1=0, ch2=0, ch3=1.8, ch4=1.8, ch5=1.8, ch6=0, ch7=0, mc_iteration=2",,,,,,
512,base_setup,diff,486.4e-6,,,

