,,Parameter,Nominal,,,,,,temp_0,temp_1,temp_2
,,temperature,27,,,,,,-40,25,125

Point,Test,Output,Nominal,Spec,Weight,Pass/Fail,Min,Max,temp_0,temp_1,temp_2
"Parameters: ch0=0, ch1=0, ch2=0, ch3=0, ch4=0, ch5=0, ch6=0, ch7=0",,,,,,,,,,,
1,base_setup,diff,27.12e-3,,,,13.82e-3,30.95e-3,30.95e-3,27.27e-3,13.82e-3
"Parameters: ch0=0, ch1=0, ch2=0, ch3=0, ch4=0, ch5=0, ch6=0, ch7=1.8",,,,,,,,,,,
2,base_setup,diff,90.46e-3,,,,90.25e-3,90.58e-3,90.25e-3,90.46e-3,90.58e-3
"Parameters: ch0=0, ch1=0, ch2=0, ch3=0, ch4=0, ch5=0, ch6=1.8, ch7=0",,,,,,,,,,,
3,base_setup,diff,-25.17e-3,,,,-30.37e-3,-18.13e-3,-30.37e-3,-25.32e-3,-18.13e-3
"Parameters: ch0=0, ch1=0, ch2=0, ch3=0, ch4=0, ch5=0, ch6=1.8, ch7=1.8",,,,,,,,,,,
4,base_setup,diff,22.57e-3,,,,22.37e-3,22.72e-3,22.72e-3,22.62e-3,22.37e-3
"Parameters: ch0=0, ch1=0, ch2=0, ch3=0, ch4=0, ch5=1.8, ch6=0, ch7=0",,,,,,,,,,,
5,base_setup,diff,-465.5e-6,,,,-8.627e-3,11.17e-3,-8.627e-3,-707.8e-6,11.17e-3
"Parameters: ch0=0, ch1=0, ch2=0, ch3=0, ch4=0, ch5=1.8, ch6=0, ch7=1.8",,,,,,,,,,,
6,base_setup,diff,48.08e-3,,,,45.21e-3,52.49e-3,45.21e-3,47.99e-3,52.49e-3
"Parameters: ch0=0, ch1=0, ch2=0, ch3=0, ch4=0, ch5=1.8, ch6=1.8, ch7=0",,,,,,,,,,,
7,base_setup,diff,-69.7e-3,,,,-79.81e-3,-57.69e-3,-79.81e-3,-69.97e-3,-57.69e-3
"Parameters: ch0=0, ch1=0, ch2=0, ch3=0, ch4=0, ch5=1.8, ch6=1.8, ch7=1.8",,,,,,,,,,,
8,base_setup,diff,-21.42e-3,,,,-26.22e-3,-16.62e-3,-26.22e-3,-21.54e-3,-16.62e-3
"Parameters: ch0=0, ch1=0, ch2=0, ch3=0, ch4=1.8, ch5=0, ch6=0, ch7=0",,,,,,,,,,,
9,base_setup,diff,72.61e-3,,,,71.84e-3,73.44e-3,71.84e-3,72.59e-3,73.44e-3
"Parameters: ch0=0, ch1=0, ch2=0, ch3=0, ch4=1.8, ch5=0, ch6=0, ch7=1.8",,,,,,,,,,,
10,base_setup,diff,120.8e-3,,,,114.6e-3,124.7e-3,124.7e-3,120.9e-3,114.6e-3
"Parameters: ch0=0, ch1=0, ch2=0, ch3=0, ch4=1.8, ch5=0, ch6=1.8, ch7=0",,,,,,,,,,,
11,base_setup,diff,4.865e-3,,,,4.235e-3,5.488e-3,4.235e-3,4.849e-3,5.488e-3
"Parameters: ch0=0, ch1=0, ch2=0, ch3=0, ch4=1.8, ch5=0, ch6=1.8, ch7=1.8",,,,,,,,,,,
12,base_setup,diff,53.23e-3,,,,46.55e-3,57.84e-3,57.84e-3,53.36e-3,46.55e-3
"Parameters: ch0=0, ch1=0, ch2=0, ch3=0, ch4=1.8, ch5=1.8, ch6=0, ch7=0",,,,,,,,,,,
13,base_setup,diff,29.91e-3,,,,26.69e-3,34.9e-3,26.69e-3,29.81e-3,34.9e-3
"Parameters: ch0=0, ch1=0, ch2=0, ch3=0, ch4=1.8, ch5=1.8, ch6=0, ch7=1.8",,,,,,,,,,,
14,base_setup,diff,78.96e-3,,,,76.74e-3,80.79e-3,80.79e-3,79.01e-3,76.74e-3
"Parameters: ch0=0, ch1=0, ch2=0, ch3=0, ch4=1.8, ch5=1.8, ch6=1.8, ch7=0",,,,,,,,,,,
15,base_setup,diff,-38.87e-3,,,,-43.26e-3,-33.82e-3,-43.26e-3,-38.98e-3,-33.82e-3
"Parameters: ch0=0, ch1=0, ch2=0, ch3=0, ch4=1.8, ch5=1.8, ch6=1.8, ch7=1.8",,,,,,,,,,,
16,base_setup,diff,10.13e-3,,,,7.815e-3,11.15e-3,11.15e-3,10.17e-3,7.815e-3
"Parameters: ch0=0, ch1=0, ch2=0, ch3=1.8, ch4=0, ch5=0, ch6=0, ch7=0",,,,,,,,,,,
17,base_setup,diff,53.53e-3,,,,49.79e-3,58.59e-3,49.79e-3,53.42e-3,58.59e-3
"Parameters: ch0=0, ch1=0, ch2=0, ch3=1.8, ch4=0, ch5=0, ch6=0, ch7=1.8",,,,,,,,,,,
18,base_setup,diff,100.9e-3,,,,98.96e-3,102.1e-3,102.1e-3,101e-3,98.96e-3
"Parameters: ch0=0, ch1=0, ch2=0, ch3=1.8, ch4=0, ch5=0, ch6=1.8, ch7=0",,,,,,,,,,,
19,base_setup,diff,-14.2e-3,,,,-17.74e-3,-9.302e-3,-17.74e-3,-14.31e-3,-9.302e-3
"Parameters: ch0=0, ch1=0, ch2=0, ch3=1.8, ch4=0, ch5=0, ch6=1.8, ch7=1.8",,,,,,,,,,,
20,base_setup,diff,33.3e-3,,,,30.99e-3,35.06e-3,35.06e-3,33.35e-3,30.99e-3
"Parameters: ch0=0, ch1=0, ch2=0, ch3=1.8, ch4=0, ch5=1.8, ch6=0, ch7=0",,,,,,,,,,,
21,base_setup,diff,11.09e-3,,,,4.435e-3,20.66e-3,4.435e-3,10.89e-3,20.66e-3
"Parameters: ch0=0, ch1=0, ch2=0, ch3=1.8, ch4=0, ch5=1.8, ch6=0, ch7=1.8",,,,,,,,,,,
22,base_setup,diff,59.38e-3,,,,57.94e-3,61.76e-3,57.94e-3,59.33e-3,61.76e-3
"Parameters: ch0=0, ch1=0, ch2=0, ch3=1.8, ch4=0, ch5=1.8, ch6=1.8, ch7=0",,,,,,,,,,,
23,base_setup,diff,-57.67e-3,,,,-65.49e-3,-48e-3,-65.49e-3,-57.89e-3,-48e-3
"Parameters: ch0=0, ch1=0, ch2=0, ch3=1.8, ch4=0, ch5=1.8, ch6=1.8, ch7=1.8",,,,,,,,,,,
24,base_setup,diff,-9.537e-3,,,,-11.95e-3,-7.105e-3,-11.95e-3,-9.595e-3,-7.105e-3
"Parameters: ch0=0, ch1=0, ch2=0, ch3=1.8, ch4=1.8, ch5=0, ch6=0, ch7=0",,,,,,,,,,,
25,base_setup,diff,82.59e-3,,,,81.24e-3,83.45e-3,83.45e-3,82.62e-3,81.24e-3
"Parameters: ch0=0, ch1=0, ch2=0, ch3=1.8, ch4=1.8, ch5=0, ch6=0, ch7=1.8",,,,,,,,,,,
26,base_setup,diff,130.5e-3,,,,122.2e-3,135.9e-3,135.9e-3,130.6e-3,122.2e-3
"Parameters: ch0=0, ch1=0, ch2=0, ch3=1.8, ch4=1.8, ch5=0, ch6=1.8, ch7=0",,,,,,,,,,,
27,base_setup,diff,15.02e-3,,,,13.5e-3,16.03e-3,16.03e-3,15.05e-3,13.5e-3
"Parameters: ch0=0, ch1=0, ch2=0, ch3=1.8, ch4=1.8, ch5=0, ch6=1.8, ch7=1.8",,,,,,,,,,,
28,base_setup,diff,63.17e-3,,,,54.38e-3,69.34e-3,69.34e-3,63.35e-3,54.38e-3
"Parameters: ch0=0, ch1=0, ch2=0, ch3=1.8, ch4=1.8, ch5=1.8, ch6=0, ch7=0",,,,,,,,,,,
29,base_setup,diff,40.62e-3,,,,38.86e-3,43.53e-3,38.86e-3,40.56e-3,43.53e-3
"Parameters: ch0=0, ch1=0, ch2=0, ch3=1.8, ch4=1.8, ch5=1.8, ch6=0, ch7=1.8",,,,,,,,,,,
30,base_setup,diff,89.42e-3,,,,85.17e-3,92.61e-3,92.61e-3,89.51e-3,85.17e-3
"Parameters: ch0=0, ch1=0, ch2=0, ch3=1.8, ch4=1.8, ch5=1.8, ch6=1.8, ch7=0",,,,,,,,,,,
31,base_setup,diff,-27.81e-3,,,,-30.14e-3,-25.02e-3,-30.14e-3,-27.87e-3,-25.02e-3
"Parameters: ch0=0, ch1=0, ch2=0, ch3=1.8, ch4=1.8, ch5=1.8, ch6=1.8, ch7=1.8",,,,,,,,,,,
32,base_setup,diff,21.03e-3,,,,16.46e-3,24.12e-3,24.12e-3,21.13e-3,16.46e-3
"Parameters: ch0=0, ch1=0, ch2=1.8, ch3=0, ch4=0, ch5=0, ch6=0, ch7=0",,,,,,,,,,,
33,base_setup,diff,49.97e-3,,,,45.43e-3,55.73e-3,45.43e-3,49.85e-3,55.73e-3
"Parameters: ch0=0, ch1=0, ch2=1.8, ch3=0, ch4=0, ch5=0, ch6=0, ch7=1.8",,,,,,,,,,,
34,base_setup,diff,97.33e-3,,,,96.09e-3,97.7e-3,97.7e-3,97.35e-3,96.09e-3
"Parameters: ch0=0, ch1=0, ch2=1.8, ch3=0, ch4=0, ch5=0, ch6=1.8, ch7=0",,,,,,,,,,,
35,base_setup,diff,-17.79e-3,,,,-22.14e-3,-12.2e-3,-22.14e-3,-17.91e-3,-12.2e-3
"Parameters: ch0=0, ch1=0, ch2=1.8, ch3=0, ch4=0, ch5=0, ch6=1.8, ch7=1.8",,,,,,,,,,,
36,base_setup,diff,29.65e-3,,,,28.08e-3,30.53e-3,30.53e-3,29.67e-3,28.08e-3
"Parameters: ch0=0, ch1=0, ch2=1.8, ch3=0, ch4=0, ch5=1.8, ch6=0, ch7=0",,,,,,,,,,,
37,base_setup,diff,7.464e-3,,,,-22.28e-6,17.67e-3,-22.28e-6,7.245e-3,17.67e-3
"Parameters: ch0=0, ch1=0, ch2=1.8, ch3=0, ch4=0, ch5=1.8, ch6=0, ch7=1.8",,,,,,,,,,,
38,base_setup,diff,55.69e-3,,,,53.39e-3,58.76e-3,53.39e-3,55.62e-3,58.76e-3
"Parameters: ch0=0, ch1=0, ch2=1.8, ch3=0, ch4=0, ch5=1.8, ch6=1.8, ch7=0",,,,,,,,,,,
39,base_setup,diff,-61.36e-3,,,,-70.06e-3,-51.03e-3,-70.06e-3,-61.59e-3,-51.03e-3
"Parameters: ch0=0, ch1=0, ch2=1.8, ch3=0, ch4=0, ch5=1.8, ch6=1.8, ch7=1.8",,,,,,,,,,,
40,base_setup,diff,-13.3e-3,,,,-16.66e-3,-10.15e-3,-16.66e-3,-13.38e-3,-10.15e-3
"Parameters: ch0=0, ch1=0, ch2=1.8, ch3=0, ch4=1.8, ch5=0, ch6=0, ch7=0",,,,,,,,,,,
41,base_setup,diff,78.79e-3,,,,78.31e-3,78.79e-3,78.63e-3,78.79e-3,78.31e-3
"Parameters: ch0=0, ch1=0, ch2=1.8, ch3=0, ch4=1.8, ch5=0, ch6=0, ch7=1.8",,,,,,,,,,,
42,base_setup,diff,126.6e-3,,,,119.2e-3,131.1e-3,131.1e-3,126.8e-3,119.2e-3
"Parameters: ch0=0, ch1=0, ch2=1.8, ch3=0, ch4=1.8, ch5=0, ch6=1.8, ch7=0",,,,,,,,,,,
43,base_setup,diff,11.2e-3,,,,10.53e-3,11.32e-3,11.32e-3,11.21e-3,10.53e-3
"Parameters: ch0=0, ch1=0, ch2=1.8, ch3=0, ch4=1.8, ch5=0, ch6=1.8, ch7=1.8",,,,,,,,,,,
44,base_setup,diff,59.27e-3,,,,51.38e-3,64.52e-3,64.52e-3,59.43e-3,51.38e-3
"Parameters: ch0=0, ch1=0, ch2=1.8, ch3=0, ch4=1.8, ch5=1.8, ch6=0, ch7=0",,,,,,,,,,,
45,base_setup,diff,36.77e-3,,,,34.06e-3,40.48e-3,34.06e-3,36.68e-3,40.48e-3
"Parameters: ch0=0, ch1=0, ch2=1.8, ch3=0, ch4=1.8, ch5=1.8, ch6=0, ch7=1.8",,,,,,,,,,,
46,base_setup,diff,85.51e-3,,,,82.1e-3,87.77e-3,87.77e-3,85.57e-3,82.1e-3
"Parameters: ch0=0, ch1=0, ch2=1.8, ch3=0, ch4=1.8, ch5=1.8, ch6=1.8, ch7=0",,,,,,,,,,,
47,base_setup,diff,-31.7e-3,,,,-34.97e-3,-28.1e-3,-34.97e-3,-31.79e-3,-28.1e-3
"Parameters: ch0=0, ch1=0, ch2=1.8, ch3=0, ch4=1.8, ch5=1.8, ch6=1.8, ch7=1.8",,,,,,,,,,,
48,base_setup,diff,17.05e-3,,,,13.35e-3,19.17e-3,19.17e-3,17.13e-3,13.35e-3
"Parameters: ch0=0, ch1=0, ch2=1.8, ch3=1.8, ch4=0, ch5=0, ch6=0, ch7=0",,,,,,,,,,,
49,base_setup,diff,59.88e-3,,,,56.79e-3,63.55e-3,56.79e-3,59.79e-3,63.55e-3
"Parameters: ch0=0, ch1=0, ch2=1.8, ch3=1.8, ch4=0, ch5=0, ch6=0, ch7=1.8",,,,,,,,,,,
50,base_setup,diff,107e-3,,,,103.7e-3,108.7e-3,108.7e-3,107e-3,103.7e-3
"Parameters: ch0=0, ch1=0, ch2=1.8, ch3=1.8, ch4=0, ch5=0, ch6=1.8, ch7=0",,,,,,,,,,,
51,base_setup,diff,-7.704e-3,,,,-10.57e-3,-4.164e-3,-10.57e-3,-7.784e-3,-4.164e-3
"Parameters: ch0=0, ch1=0, ch2=1.8, ch3=1.8, ch4=0, ch5=0, ch6=1.8, ch7=1.8",,,,,,,,,,,
52,base_setup,diff,39.51e-3,,,,35.93e-3,41.81e-3,41.81e-3,39.58e-3,35.93e-3
"Parameters: ch0=0, ch1=0, ch2=1.8, ch3=1.8, ch4=0, ch5=1.8, ch6=0, ch7=0",,,,,,,,,,,
53,base_setup,diff,18.1e-3,,,,11.9e-3,26.34e-3,11.9e-3,17.92e-3,26.34e-3
"Parameters: ch0=0, ch1=0, ch2=1.8, ch3=1.8, ch4=0, ch5=1.8, ch6=0, ch7=1.8",,,,,,,,,,,
54,base_setup,diff,66.08e-3,,,,65e-3,67.22e-3,65e-3,66.05e-3,67.22e-3
"Parameters: ch0=0, ch1=0, ch2=1.8, ch3=1.8, ch4=0, ch5=1.8, ch6=1.8, ch7=0",,,,,,,,,,,
55,base_setup,diff,-50.36e-3,,,,-57.17e-3,-42.18e-3,-57.17e-3,-50.54e-3,-42.18e-3
"Parameters: ch0=0, ch1=0, ch2=1.8, ch3=1.8, ch4=0, ch5=1.8, ch6=1.8, ch7=1.8",,,,,,,,,,,
56,base_setup,diff,-2.465e-3,,,,-3.912e-3,-1.474e-3,-3.912e-3,-2.496e-3,-1.474e-3
"Parameters: ch0=0, ch1=0, ch2=1.8, ch3=1.8, ch4=1.8, ch5=0, ch6=0, ch7=0",,,,,,,,,,,
57,base_setup,diff,87.94e-3,,,,85.38e-3,89.31e-3,89.31e-3,87.99e-3,85.38e-3
"Parameters: ch0=0, ch1=0, ch2=1.8, ch3=1.8, ch4=1.8, ch5=0, ch6=0, ch7=1.8",,,,,,,,,,,
58,base_setup,diff,135.6e-3,,,,126.1e-3,141.5e-3,141.5e-3,135.7e-3,126.1e-3
"Parameters: ch0=0, ch1=0, ch2=1.8, ch3=1.8, ch4=1.8, ch5=0, ch6=1.8, ch7=0",,,,,,,,,,,
59,base_setup,diff,20.5e-3,,,,17.81e-3,22.1e-3,22.1e-3,20.55e-3,17.81e-3
"Parameters: ch0=0, ch1=0, ch2=1.8, ch3=1.8, ch4=1.8, ch5=0, ch6=1.8, ch7=1.8",,,,,,,,,,,
60,base_setup,diff,68.37e-3,,,,58.5e-3,75.03e-3,75.03e-3,68.57e-3,58.5e-3
"Parameters: ch0=0, ch1=0, ch2=1.8, ch3=1.8, ch4=1.8, ch5=1.8, ch6=0, ch7=0",,,,,,,,,,,
61,base_setup,diff,46.6e-3,,,,45.23e-3,48.35e-3,45.23e-3,46.56e-3,48.35e-3
"Parameters: ch0=0, ch1=0, ch2=1.8, ch3=1.8, ch4=1.8, ch5=1.8, ch6=0, ch7=1.8",,,,,,,,,,,
62,base_setup,diff,95.12e-3,,,,89.77e-3,98.63e-3,98.63e-3,95.22e-3,89.77e-3
"Parameters: ch0=0, ch1=0, ch2=1.8, ch3=1.8, ch4=1.8, ch5=1.8, ch6=1.8, ch7=0",,,,,,,,,,,
63,base_setup,diff,-21.6e-3,,,,-23.13e-3,-20.07e-3,-23.13e-3,-21.64e-3,-20.07e-3
"Parameters: ch0=0, ch1=0, ch2=1.8, ch3=1.8, ch4=1.8, ch5=1.8, ch6=1.8, ch7=1.8",,,,,,,,,,,
64,base_setup,diff,27e-3,,,,21.22e-3,30.82e-3,30.82e-3,27.12e-3,21.22e-3
"Parameters: ch0=0, ch1=1.8, ch2=0, ch3=0, ch4=0, ch5=0, ch6=0, ch7=0",,,,,,,,,,,
65,base_setup,diff,46.27e-3,,,,41.84e-3,52.48e-3,41.84e-3,46.14e-3,52.48e-3
"Parameters: ch0=0, ch1=1.8, ch2=0, ch3=0, ch4=0, ch5=0, ch6=0, ch7=1.8",,,,,,,,,,,
66,base_setup,diff,93.94e-3,,,,93.07e-3,94.49e-3,94.49e-3,93.95e-3,93.07e-3
"Parameters: ch0=0, ch1=1.8, ch2=0, ch3=0, ch4=0, ch5=0, ch6=1.8, ch7=0",,,,,,,,,,,
67,base_setup,diff,-21.62e-3,,,,-25.95e-3,-15.6e-3,-25.95e-3,-21.75e-3,-15.6e-3
"Parameters: ch0=0, ch1=1.8, ch2=0, ch3=0, ch4=0, ch5=0, ch6=1.8, ch7=1.8",,,,,,,,,,,
68,base_setup,diff,26.11e-3,,,,24.91e-3,27.12e-3,27.12e-3,26.14e-3,24.91e-3
"Parameters: ch0=0, ch1=1.8, ch2=0, ch3=0, ch4=0, ch5=1.8, ch6=0, ch7=0",,,,,,,,,,,
69,base_setup,diff,3.203e-3,,,,-4.076e-3,13.79e-3,-4.076e-3,2.985e-3,13.79e-3
"Parameters: ch0=0, ch1=1.8, ch2=0, ch3=0, ch4=0, ch5=1.8, ch6=0, ch7=1.8",,,,,,,,,,,
70,base_setup,diff,51.73e-3,,,,49.72e-3,55.12e-3,49.72e-3,51.67e-3,55.12e-3
"Parameters: ch0=0, ch1=1.8, ch2=0, ch3=0, ch4=0, ch5=1.8, ch6=1.8, ch7=0",,,,,,,,,,,
71,base_setup,diff,-65.91e-3,,,,-74.92e-3,-55.03e-3,-74.92e-3,-66.15e-3,-55.03e-3
"Parameters: ch0=0, ch1=1.8, ch2=0, ch3=0, ch4=0, ch5=1.8, ch6=1.8, ch7=1.8",,,,,,,,,,,
72,base_setup,diff,-17.62e-3,,,,-21.27e-3,-13.95e-3,-21.27e-3,-17.7e-3,-13.95e-3
"Parameters: ch0=0, ch1=1.8, ch2=0, ch3=0, ch4=1.8, ch5=0, ch6=0, ch7=0",,,,,,,,,,,
73,base_setup,diff,76.08e-3,,,,75.96e-3,76.1e-3,76.1e-3,76.08e-3,75.96e-3
"Parameters: ch0=0, ch1=1.8, ch2=0, ch3=0, ch4=1.8, ch5=0, ch6=0, ch7=1.8",,,,,,,,,,,
74,base_setup,diff,124.2e-3,,,,117.1e-3,128.9e-3,128.9e-3,124.3e-3,117.1e-3
"Parameters: ch0=0, ch1=1.8, ch2=0, ch3=0, ch4=1.8, ch5=0, ch6=1.8, ch7=0",,,,,,,,,,,
75,base_setup,diff,8.378e-3,,,,8.04e-3,8.55e-3,8.55e-3,8.383e-3,8.04e-3
"Parameters: ch0=0, ch1=1.8, ch2=0, ch3=0, ch4=1.8, ch5=0, ch6=1.8, ch7=1.8",,,,,,,,,,,
76,base_setup,diff,56.74e-3,,,,49.11e-3,62.12e-3,62.12e-3,56.9e-3,49.11e-3
"Parameters: ch0=0, ch1=1.8, ch2=0, ch3=0, ch4=1.8, ch5=1.8, ch6=0, ch7=0",,,,,,,,,,,
77,base_setup,diff,33.54e-3,,,,31.12e-3,37.53e-3,31.12e-3,33.46e-3,37.53e-3
"Parameters: ch0=0, ch1=1.8, ch2=0, ch3=0, ch4=1.8, ch5=1.8, ch6=0, ch7=1.8",,,,,,,,,,,
78,base_setup,diff,82.57e-3,,,,79.38e-3,85.15e-3,85.15e-3,82.64e-3,79.38e-3
"Parameters: ch0=0, ch1=1.8, ch2=0, ch3=0, ch4=1.8, ch5=1.8, ch6=1.8, ch7=0",,,,,,,,,,,
79,base_setup,diff,-35.16e-3,,,,-38.58e-3,-31.16e-3,-38.58e-3,-35.25e-3,-31.16e-3
"Parameters: ch0=0, ch1=1.8, ch2=0, ch3=0, ch4=1.8, ch5=1.8, ch6=1.8, ch7=1.8",,,,,,,,,,,
80,base_setup,diff,13.85e-3,,,,10.5e-3,15.85e-3,15.85e-3,13.92e-3,10.5e-3
"Parameters: ch0=0, ch1=1.8, ch2=0, ch3=1.8, ch4=0, ch5=0, ch6=0, ch7=0",,,,,,,,,,,
81,base_setup,diff,56.81e-3,,,,53.8e-3,60.92e-3,53.8e-3,56.72e-3,60.92e-3
"Parameters: ch0=0, ch1=1.8, ch2=0, ch3=1.8, ch4=0, ch5=0, ch6=0, ch7=1.8",,,,,,,,,,,
82,base_setup,diff,104.2e-3,,,,101.3e-3,106.1e-3,106.1e-3,104.3e-3,101.3e-3
"Parameters: ch0=0, ch1=1.8, ch2=0, ch3=1.8, ch4=0, ch5=0, ch6=1.8, ch7=0",,,,,,,,,,,
83,base_setup,diff,-10.88e-3,,,,-13.65e-3,-6.933e-3,-13.65e-3,-10.96e-3,-6.933e-3
"Parameters: ch0=0, ch1=1.8, ch2=0, ch3=1.8, ch4=0, ch5=0, ch6=1.8, ch7=1.8",,,,,,,,,,,
84,base_setup,diff,36.62e-3,,,,33.37e-3,39.11e-3,39.11e-3,36.69e-3,33.37e-3
"Parameters: ch0=0, ch1=1.8, ch2=0, ch3=1.8, ch4=0, ch5=1.8, ch6=0, ch7=0",,,,,,,,,,,
85,base_setup,diff,14.53e-3,,,,8.621e-3,23.12e-3,8.621e-3,14.35e-3,23.12e-3
"Parameters: ch0=0, ch1=1.8, ch2=0, ch3=1.8, ch4=0, ch5=1.8, ch6=0, ch7=1.8",,,,,,,,,,,
86,base_setup,diff,62.8e-3,,,,62.08e-3,64.22e-3,62.08e-3,62.77e-3,64.22e-3
"Parameters: ch0=0, ch1=1.8, ch2=0, ch3=1.8, ch4=0, ch5=1.8, ch6=1.8, ch7=0",,,,,,,,,,,
87,base_setup,diff,-54.15e-3,,,,-61.03e-3,-45.51e-3,-61.03e-3,-54.34e-3,-45.51e-3
"Parameters: ch0=0, ch1=1.8, ch2=0, ch3=1.8, ch4=0, ch5=1.8, ch6=1.8, ch7=1.8",,,,,,,,,,,
88,base_setup,diff,-6.004e-3,,,,-7.474e-3,-4.607e-3,-7.474e-3,-6.038e-3,-4.607e-3
"Parameters: ch0=0, ch1=1.8, ch2=0, ch3=1.8, ch4=1.8, ch5=0, ch6=0, ch7=0",,,,,,,,,,,
89,base_setup,diff,85.84e-3,,,,83.6e-3,87.41e-3,87.41e-3,85.88e-3,83.6e-3
"Parameters: ch0=0, ch1=1.8, ch2=0, ch3=1.8, ch4=1.8, ch5=0, ch6=0, ch7=1.8",,,,,,,,,,,
90,base_setup,diff,133.7e-3,,,,124.5e-3,139.8e-3,139.8e-3,133.9e-3,124.5e-3
"Parameters: ch0=0, ch1=1.8, ch2=0, ch3=1.8, ch4=1.8, ch5=0, ch6=1.8, ch7=0",,,,,,,,,,,
91,base_setup,diff,18.3e-3,,,,15.9e-3,20.02e-3,20.02e-3,18.35e-3,15.9e-3
"Parameters: ch0=0, ch1=1.8, ch2=0, ch3=1.8, ch4=1.8, ch5=0, ch6=1.8, ch7=1.8",,,,,,,,,,,
92,base_setup,diff,66.45e-3,,,,56.79e-3,73.28e-3,73.28e-3,66.65e-3,56.79e-3
"Parameters: ch0=0, ch1=1.8, ch2=0, ch3=1.8, ch4=1.8, ch5=1.8, ch6=0, ch7=0",,,,,,,,,,,
93,base_setup,diff,44.01e-3,,,,42.94e-3,46e-3,42.94e-3,43.97e-3,46e-3
"Parameters: ch0=0, ch1=1.8, ch2=0, ch3=1.8, ch4=1.8, ch5=1.8, ch6=0, ch7=1.8",,,,,,,,,,,
94,base_setup,diff,92.8e-3,,,,87.65e-3,96.64e-3,96.64e-3,92.9e-3,87.65e-3
"Parameters: ch0=0, ch1=1.8, ch2=0, ch3=1.8, ch4=1.8, ch5=1.8, ch6=1.8, ch7=0",,,,,,,,,,,
95,base_setup,diff,-24.36e-3,,,,-25.88e-3,-22.52e-3,-25.88e-3,-24.4e-3,-22.52e-3
"Parameters: ch0=0, ch1=1.8, ch2=0, ch3=1.8, ch4=1.8, ch5=1.8, ch6=1.8, ch7=1.8",,,,,,,,,,,
96,base_setup,diff,24.5e-3,,,,18.98e-3,28.38e-3,28.38e-3,24.61e-3,18.98e-3
"Parameters: ch0=0, ch1=1.8, ch2=1.8, ch3=0, ch4=0, ch5=0, ch6=0, ch7=0",,,,,,,,,,,
97,base_setup,diff,53.13e-3,,,,49.4e-3,57.95e-3,49.4e-3,53.03e-3,57.95e-3
"Parameters: ch0=0, ch1=1.8, ch2=1.8, ch3=0, ch4=0, ch5=0, ch6=0, ch7=1.8",,,,,,,,,,,
98,base_setup,diff,100.5e-3,,,,98.31e-3,101.6e-3,101.6e-3,100.5e-3,98.31e-3
"Parameters: ch0=0, ch1=1.8, ch2=1.8, ch3=0, ch4=0, ch5=0, ch6=1.8, ch7=0",,,,,,,,,,,
99,base_setup,diff,-14.58e-3,,,,-18.1e-3,-9.95e-3,-18.1e-3,-14.69e-3,-9.95e-3
"Parameters: ch0=0, ch1=1.8, ch2=1.8, ch3=0, ch4=0, ch5=0, ch6=1.8, ch7=1.8",,,,,,,,,,,
100,base_setup,diff,32.84e-3,,,,30.34e-3,34.55e-3,34.55e-3,32.89e-3,30.34e-3
"Parameters: ch0=0, ch1=1.8, ch2=1.8, ch3=0, ch4=0, ch5=1.8, ch6=0, ch7=0",,,,,,,,,,,
101,base_setup,diff,10.77e-3,,,,4.116e-3,20e-3,4.116e-3,10.58e-3,20e-3
"Parameters: ch0=0, ch1=1.8, ch2=1.8, ch3=0, ch4=0, ch5=1.8, ch6=0, ch7=1.8",,,,,,,,,,,
102,base_setup,diff,58.99e-3,,,,57.49e-3,61.09e-3,57.49e-3,58.94e-3,61.09e-3
"Parameters: ch0=0, ch1=1.8, ch2=1.8, ch3=0, ch4=0, ch5=1.8, ch6=1.8, ch7=0",,,,,,,,,,,
103,base_setup,diff,-57.96e-3,,,,-65.64e-3,-48.67e-3,-65.64e-3,-58.17e-3,-48.67e-3
"Parameters: ch0=0, ch1=1.8, ch2=1.8, ch3=0, ch4=0, ch5=1.8, ch6=1.8, ch7=1.8",,,,,,,,,,,
104,base_setup,diff,-9.895e-3,,,,-12.22e-3,-7.781e-3,-12.22e-3,-9.949e-3,-7.781e-3
"Parameters: ch0=0, ch1=1.8, ch2=1.8, ch3=0, ch4=1.8, ch5=0, ch6=0, ch7=0",,,,,,,,,,,
105,base_setup,diff,81.94e-3,,,,80.56e-3,82.58e-3,82.58e-3,81.97e-3,80.56e-3
"Parameters: ch0=0, ch1=1.8, ch2=1.8, ch3=0, ch4=1.8, ch5=0, ch6=0, ch7=1.8",,,,,,,,,,,
106,base_setup,diff,129.8e-3,,,,121.5e-3,135e-3,135e-3,129.9e-3,121.5e-3
"Parameters: ch0=0, ch1=1.8, ch2=1.8, ch3=0, ch4=1.8, ch5=0, ch6=1.8, ch7=0",,,,,,,,,,,
107,base_setup,diff,14.39e-3,,,,12.82e-3,15.29e-3,15.29e-3,14.42e-3,12.82e-3
"Parameters: ch0=0, ch1=1.8, ch2=1.8, ch3=0, ch4=1.8, ch5=0, ch6=1.8, ch7=1.8",,,,,,,,,,,
108,base_setup,diff,62.46e-3,,,,53.68e-3,68.47e-3,68.47e-3,62.64e-3,53.68e-3
"Parameters: ch0=0, ch1=1.8, ch2=1.8, ch3=0, ch4=1.8, ch5=1.8, ch6=0, ch7=0",,,,,,,,,,,
109,base_setup,diff,40.05e-3,,,,38.14e-3,42.84e-3,38.14e-3,39.99e-3,42.84e-3
"Parameters: ch0=0, ch1=1.8, ch2=1.8, ch3=0, ch4=1.8, ch5=1.8, ch6=0, ch7=1.8",,,,,,,,,,,
110,base_setup,diff,88.78e-3,,,,84.46e-3,91.8e-3,91.8e-3,88.87e-3,84.46e-3
"Parameters: ch0=0, ch1=1.8, ch2=1.8, ch3=0, ch4=1.8, ch5=1.8, ch6=1.8, ch7=0",,,,,,,,,,,
111,base_setup,diff,-28.35e-3,,,,-30.71e-3,-25.72e-3,-30.71e-3,-28.41e-3,-25.72e-3
"Parameters: ch0=0, ch1=1.8, ch2=1.8, ch3=0, ch4=1.8, ch5=1.8, ch6=1.8, ch7=1.8",,,,,,,,,,,
112,base_setup,diff,20.42e-3,,,,15.75e-3,23.44e-3,23.44e-3,20.51e-3,15.75e-3
"Parameters: ch0=0, ch1=1.8, ch2=1.8, ch3=1.8, ch4=0, ch5=0, ch6=0, ch7=0",,,,,,,,,,,
113,base_setup,diff,62.77e-3,,,,60.42e-3,65.58e-3,60.42e-3,62.71e-3,65.58e-3
"Parameters: ch0=0, ch1=1.8, ch2=1.8, ch3=1.8, ch4=0, ch5=0, ch6=0, ch7=1.8",,,,,,,,,,,
114,base_setup,diff,109.9e-3,,,,105.7e-3,112.3e-3,112.3e-3,109.9e-3,105.7e-3
"Parameters: ch0=0, ch1=1.8, ch2=1.8, ch3=1.8, ch4=0, ch5=0, ch6=1.8, ch7=0",,,,,,,,,,,
115,base_setup,diff,-4.776e-3,,,,-6.901e-3,-2.103e-3,-6.901e-3,-4.836e-3,-2.103e-3
"Parameters: ch0=0, ch1=1.8, ch2=1.8, ch3=1.8, ch4=0, ch5=0, ch6=1.8, ch7=1.8",,,,,,,,,,,
116,base_setup,diff,42.44e-3,,,,38e-3,45.46e-3,45.46e-3,42.53e-3,38e-3
"Parameters: ch0=0, ch1=1.8, ch2=1.8, ch3=1.8, ch4=0, ch5=1.8, ch6=0, ch7=0",,,,,,,,,,,
117,base_setup,diff,21.13e-3,,,,15.66e-3,28.47e-3,15.66e-3,20.97e-3,28.47e-3
"Parameters: ch0=0, ch1=1.8, ch2=1.8, ch3=1.8, ch4=0, ch5=1.8, ch6=0, ch7=1.8",,,,,,,,,,,
118,base_setup,diff,69.1e-3,,,,68.72e-3,69.36e-3,68.72e-3,69.09e-3,69.36e-3
"Parameters: ch0=0, ch1=1.8, ch2=1.8, ch3=1.8, ch4=0, ch5=1.8, ch6=1.8, ch7=0",,,,,,,,,,,
119,base_setup,diff,-47.27e-3,,,,-53.22e-3,-40.03e-3,-53.22e-3,-47.43e-3,-40.03e-3
"Parameters: ch0=0, ch1=1.8, ch2=1.8, ch3=1.8, ch4=0, ch5=1.8, ch6=1.8, ch7=1.8",,,,,,,,,,,
120,base_setup,diff,634.9e-6,,,,46.54e-6,693.9e-6,46.54e-6,626.1e-6,693.9e-6
"Parameters: ch0=0, ch1=1.8, ch2=1.8, ch3=1.8, ch4=1.8, ch5=0, ch6=0, ch7=0",,,,,,,,,,,
121,base_setup,diff,90.83e-3,,,,87.46e-3,92.98e-3,92.98e-3,90.89e-3,87.46e-3
"Parameters: ch0=0, ch1=1.8, ch2=1.8, ch3=1.8, ch4=1.8, ch5=0, ch6=0, ch7=1.8",,,,,,,,,,,
122,base_setup,diff,138.4e-3,,,,128.2e-3,145.1e-3,145.1e-3,138.6e-3,128.2e-3
"Parameters: ch0=0, ch1=1.8, ch2=1.8, ch3=1.8, ch4=1.8, ch5=0, ch6=1.8, ch7=0",,,,,,,,,,,
123,base_setup,diff,23.41e-3,,,,19.92e-3,25.68e-3,25.68e-3,23.48e-3,19.92e-3
"Parameters: ch0=0, ch1=1.8, ch2=1.8, ch3=1.8, ch4=1.8, ch5=0, ch6=1.8, ch7=1.8",,,,,,,,,,,
124,base_setup,diff,71.29e-3,,,,60.63e-3,78.59e-3,78.59e-3,71.51e-3,60.63e-3
"Parameters: ch0=0, ch1=1.8, ch2=1.8, ch3=1.8, ch4=1.8, ch5=1.8, ch6=0, ch7=0",,,,,,,,,,,
125,base_setup,diff,49.6e-3,,,,48.92e-3,50.51e-3,48.92e-3,49.58e-3,50.51e-3
"Parameters: ch0=0, ch1=1.8, ch2=1.8, ch3=1.8, ch4=1.8, ch5=1.8, ch6=0, ch7=1.8",,,,,,,,,,,
126,base_setup,diff,98.11e-3,,,,91.96e-3,102.3e-3,102.3e-3,98.24e-3,91.96e-3
"Parameters: ch0=0, ch1=1.8, ch2=1.8, ch3=1.8, ch4=1.8, ch5=1.8, ch6=1.8, ch7=0",,,,,,,,,,,
127,base_setup,diff,-18.55e-3,,,,-19.32e-3,-17.88e-3,-19.32e-3,-18.57e-3,-17.88e-3
"Parameters: ch0=0, ch1=1.8, ch2=1.8, ch3=1.8, ch4=1.8, ch5=1.8, ch6=1.8, ch7=1.8",,,,,,,,,,,
128,base_setup,diff,30.06e-3,,,,23.43e-3,34.63e-3,34.63e-3,30.2e-3,23.43e-3
"Parameters: ch0=1.8, ch1=0, ch2=0, ch3=0, ch4=0, ch5=0, ch6=0, ch7=0",,,,,,,,,,,
129,base_setup,diff,40.05e-3,,,,34.17e-3,48.09e-3,34.17e-3,39.88e-3,48.09e-3
"Parameters: ch0=1.8, ch1=0, ch2=0, ch3=0, ch4=0, ch5=0, ch6=0, ch7=1.8",,,,,,,,,,,
130,base_setup,diff,87.73e-3,,,,86.89e-3,88.66e-3,86.89e-3,87.7e-3,88.66e-3
"Parameters: ch0=1.8, ch1=0, ch2=0, ch3=0, ch4=0, ch5=0, ch6=1.8, ch7=0",,,,,,,,,,,
131,base_setup,diff,-27.93e-3,,,,-33.83e-3,-20.04e-3,-33.83e-3,-28.1e-3,-20.04e-3
"Parameters: ch0=1.8, ch1=0, ch2=0, ch3=0, ch4=0, ch5=0, ch6=1.8, ch7=1.8",,,,,,,,,,,
132,base_setup,diff,19.78e-3,,,,19.25e-3,20.43e-3,19.25e-3,19.77e-3,20.43e-3
"Parameters: ch0=1.8, ch1=0, ch2=0, ch3=0, ch4=0, ch5=1.8, ch6=0, ch7=0",,,,,,,,,,,
133,base_setup,diff,-3.279e-3,,,,-12.17e-3,9.215e-3,-12.17e-3,-3.541e-3,9.215e-3
"Parameters: ch0=1.8, ch1=0, ch2=0, ch3=0, ch4=0, ch5=1.8, ch6=0, ch7=1.8",,,,,,,,,,,
134,base_setup,diff,45.25e-3,,,,41.66e-3,50.52e-3,41.66e-3,45.14e-3,50.52e-3
"Parameters: ch0=1.8, ch1=0, ch2=0, ch3=0, ch4=0, ch5=1.8, ch6=1.8, ch7=0",,,,,,,,,,,
135,base_setup,diff,-72.59e-3,,,,-83.57e-3,-59.67e-3,-83.57e-3,-72.87e-3,-59.67e-3
"Parameters: ch0=1.8, ch1=0, ch2=0, ch3=0, ch4=0, ch5=1.8, ch6=1.8, ch7=1.8",,,,,,,,,,,
136,base_setup,diff,-24.35e-3,,,,-30.05e-3,-18.62e-3,-30.05e-3,-24.49e-3,-18.62e-3
"Parameters: ch0=1.8, ch1=0, ch2=0, ch3=0, ch4=1.8, ch5=0, ch6=0, ch7=0",,,,,,,,,,,
137,base_setup,diff,69.79e-3,,,,68.37e-3,71.44e-3,68.37e-3,69.75e-3,71.44e-3
"Parameters: ch0=1.8, ch1=0, ch2=0, ch3=0, ch4=1.8, ch5=0, ch6=0, ch7=1.8",,,,,,,,,,,
138,base_setup,diff,117.9e-3,,,,112.5e-3,121.2e-3,121.2e-3,118e-3,112.5e-3
"Parameters: ch0=1.8, ch1=0, ch2=0, ch3=0, ch4=1.8, ch5=0, ch6=1.8, ch7=0",,,,,,,,,,,
139,base_setup,diff,2.021e-3,,,,744.2e-6,3.47e-3,744.2e-6,1.987e-3,3.47e-3
"Parameters: ch0=1.8, ch1=0, ch2=0, ch3=0, ch4=1.8, ch5=0, ch6=1.8, ch7=1.8",,,,,,,,,,,
140,base_setup,diff,50.35e-3,,,,44.49e-3,54.34e-3,54.34e-3,50.47e-3,44.49e-3
"Parameters: ch0=1.8, ch1=0, ch2=0, ch3=0, ch4=1.8, ch5=1.8, ch6=0, ch7=0",,,,,,,,,,,
141,base_setup,diff,27.01e-3,,,,23.12e-3,32.85e-3,23.12e-3,26.89e-3,32.85e-3
"Parameters: ch0=1.8, ch1=0, ch2=0, ch3=0, ch4=1.8, ch5=1.8, ch6=0, ch7=1.8",,,,,,,,,,,
142,base_setup,diff,76.04e-3,,,,74.66e-3,77.24e-3,77.24e-3,76.07e-3,74.66e-3
"Parameters: ch0=1.8, ch1=0, ch2=0, ch3=0, ch4=1.8, ch5=1.8, ch6=1.8, ch7=0",,,,,,,,,,,
143,base_setup,diff,-41.82e-3,,,,-46.99e-3,-35.89e-3,-46.99e-3,-41.96e-3,-35.89e-3
"Parameters: ch0=1.8, ch1=0, ch2=0, ch3=0, ch4=1.8, ch5=1.8, ch6=1.8, ch7=1.8",,,,,,,,,,,
144,base_setup,diff,7.133e-3,,,,5.715e-3,7.384e-3,7.384e-3,7.155e-3,5.715e-3
"Parameters: ch0=1.8, ch1=0, ch2=0, ch3=1.8, ch4=0, ch5=0, ch6=0, ch7=0",,,,,,,,,,,
145,base_setup,diff,50.94e-3,,,,46.59e-3,56.78e-3,46.59e-3,50.81e-3,56.78e-3
"Parameters: ch0=1.8, ch1=0, ch2=0, ch3=1.8, ch4=0, ch5=0, ch6=0, ch7=1.8",,,,,,,,,,,
146,base_setup,diff,98.33e-3,,,,97.13e-3,98.95e-3,98.95e-3,98.35e-3,97.13e-3
"Parameters: ch0=1.8, ch1=0, ch2=0, ch3=1.8, ch4=0, ch5=0, ch6=1.8, ch7=0",,,,,,,,,,,
147,base_setup,diff,-16.82e-3,,,,-20.99e-3,-11.13e-3,-20.99e-3,-16.95e-3,-11.13e-3
"Parameters: ch0=1.8, ch1=0, ch2=0, ch3=1.8, ch4=0, ch5=0, ch6=1.8, ch7=1.8",,,,,,,,,,,
148,base_setup,diff,30.65e-3,,,,29.14e-3,31.79e-3,31.79e-3,30.68e-3,29.14e-3
"Parameters: ch0=1.8, ch1=0, ch2=0, ch3=1.8, ch4=0, ch5=1.8, ch6=0, ch7=0",,,,,,,,,,,
149,base_setup,diff,8.414e-3,,,,1.115e-3,18.8e-3,1.115e-3,8.195e-3,18.8e-3
"Parameters: ch0=1.8, ch1=0, ch2=0, ch3=1.8, ch4=0, ch5=1.8, ch6=0, ch7=1.8",,,,,,,,,,,
150,base_setup,diff,56.68e-3,,,,54.62e-3,59.88e-3,54.62e-3,56.61e-3,59.88e-3
"Parameters: ch0=1.8, ch1=0, ch2=0, ch3=1.8, ch4=0, ch5=1.8, ch6=1.8, ch7=0",,,,,,,,,,,
151,base_setup,diff,-60.41e-3,,,,-68.99e-3,-49.88e-3,-68.99e-3,-60.64e-3,-49.88e-3
"Parameters: ch0=1.8, ch1=0, ch2=0, ch3=1.8, ch4=0, ch5=1.8, ch6=1.8, ch7=1.8",,,,,,,,,,,
152,base_setup,diff,-12.31e-3,,,,-15.49e-3,-9.011e-3,-15.49e-3,-12.39e-3,-9.011e-3
"Parameters: ch0=1.8, ch1=0, ch2=0, ch3=1.8, ch4=1.8, ch5=0, ch6=0, ch7=0",,,,,,,,,,,
153,base_setup,diff,79.9e-3,,,,79.33e-3,80.16e-3,80.16e-3,79.91e-3,79.33e-3
"Parameters: ch0=1.8, ch1=0, ch2=0, ch3=1.8, ch4=1.8, ch5=0, ch6=0, ch7=1.8",,,,,,,,,,,
154,base_setup,diff,127.8e-3,,,,120.2e-3,132.7e-3,132.7e-3,127.9e-3,120.2e-3
"Parameters: ch0=1.8, ch1=0, ch2=0, ch3=1.8, ch4=1.8, ch5=0, ch6=1.8, ch7=0",,,,,,,,,,,
155,base_setup,diff,12.32e-3,,,,11.57e-3,12.75e-3,12.75e-3,12.33e-3,11.57e-3
"Parameters: ch0=1.8, ch1=0, ch2=0, ch3=1.8, ch4=1.8, ch5=0, ch6=1.8, ch7=1.8",,,,,,,,,,,
156,base_setup,diff,60.43e-3,,,,52.41e-3,66.05e-3,66.05e-3,60.59e-3,52.41e-3
"Parameters: ch0=1.8, ch1=0, ch2=0, ch3=1.8, ch4=1.8, ch5=1.8, ch6=0, ch7=0",,,,,,,,,,,
157,base_setup,diff,37.86e-3,,,,35.5e-3,41.58e-3,35.5e-3,37.79e-3,41.58e-3
"Parameters: ch0=1.8, ch1=0, ch2=0, ch3=1.8, ch4=1.8, ch5=1.8, ch6=0, ch7=1.8",,,,,,,,,,,
158,base_setup,diff,86.65e-3,,,,83.18e-3,89.28e-3,89.28e-3,86.72e-3,83.18e-3
"Parameters: ch0=1.8, ch1=0, ch2=0, ch3=1.8, ch4=1.8, ch5=1.8, ch6=1.8, ch7=0",,,,,,,,,,,
159,base_setup,diff,-30.6e-3,,,,-33.61e-3,-26.99e-3,-33.61e-3,-30.68e-3,-26.99e-3
"Parameters: ch0=1.8, ch1=0, ch2=0, ch3=1.8, ch4=1.8, ch5=1.8, ch6=1.8, ch7=1.8",,,,,,,,,,,
160,base_setup,diff,18.2e-3,,,,14.45e-3,20.63e-3,20.63e-3,18.28e-3,14.45e-3
"Parameters: ch0=1.8, ch1=0, ch2=1.8, ch3=0, ch4=0, ch5=0, ch6=0, ch7=0",,,,,,,,,,,
161,base_setup,diff,47.46e-3,,,,42.26e-3,54.01e-3,42.26e-3,47.31e-3,54.01e-3
"Parameters: ch0=1.8, ch1=0, ch2=1.8, ch3=0, ch4=0, ch5=0, ch6=0, ch7=1.8",,,,,,,,,,,
162,base_setup,diff,94.79e-3,,,,94.33e-3,94.79e-3,94.53e-3,94.79e-3,94.33e-3
"Parameters: ch0=1.8, ch1=0, ch2=1.8, ch3=0, ch4=0, ch5=0, ch6=1.8, ch7=0",,,,,,,,,,,
163,base_setup,diff,-20.33e-3,,,,-25.37e-3,-13.94e-3,-25.37e-3,-20.47e-3,-13.94e-3
"Parameters: ch0=1.8, ch1=0, ch2=1.8, ch3=0, ch4=0, ch5=0, ch6=1.8, ch7=1.8",,,,,,,,,,,
164,base_setup,diff,27.07e-3,,,,26.31e-3,27.28e-3,27.28e-3,27.08e-3,26.31e-3
"Parameters: ch0=1.8, ch1=0, ch2=1.8, ch3=0, ch4=0, ch5=1.8, ch6=0, ch7=0",,,,,,,,,,,
165,base_setup,diff,4.868e-3,,,,-3.31e-3,15.89e-3,-3.31e-3,4.63e-3,15.89e-3
"Parameters: ch0=1.8, ch1=0, ch2=1.8, ch3=0, ch4=0, ch5=1.8, ch6=0, ch7=1.8",,,,,,,,,,,
166,base_setup,diff,53.07e-3,,,,50.1e-3,56.96e-3,50.1e-3,52.99e-3,56.96e-3
"Parameters: ch0=1.8, ch1=0, ch2=1.8, ch3=0, ch4=0, ch5=1.8, ch6=1.8, ch7=0",,,,,,,,,,,
167,base_setup,diff,-64.01e-3,,,,-73.52e-3,-52.82e-3,-73.52e-3,-64.26e-3,-52.82e-3
"Parameters: ch0=1.8, ch1=0, ch2=1.8, ch3=0, ch4=0, ch5=1.8, ch6=1.8, ch7=1.8",,,,,,,,,,,
168,base_setup,diff,-15.99e-3,,,,-20.17e-3,-11.97e-3,-20.17e-3,-16.09e-3,-11.97e-3
"Parameters: ch0=1.8, ch1=0, ch2=1.8, ch3=0, ch4=1.8, ch5=0, ch6=0, ch7=0",,,,,,,,,,,
169,base_setup,diff,76.16e-3,,,,75.41e-3,76.47e-3,75.41e-3,76.14e-3,76.47e-3
"Parameters: ch0=1.8, ch1=0, ch2=1.8, ch3=0, ch4=1.8, ch5=0, ch6=0, ch7=1.8",,,,,,,,,,,
170,base_setup,diff,124e-3,,,,117.3e-3,127.9e-3,127.9e-3,124.1e-3,117.3e-3
"Parameters: ch0=1.8, ch1=0, ch2=1.8, ch3=0, ch4=1.8, ch5=0, ch6=1.8, ch7=0",,,,,,,,,,,
171,base_setup,diff,8.557e-3,,,,8.024e-3,8.673e-3,8.024e-3,8.547e-3,8.673e-3
"Parameters: ch0=1.8, ch1=0, ch2=1.8, ch3=0, ch4=1.8, ch5=0, ch6=1.8, ch7=1.8",,,,,,,,,,,
172,base_setup,diff,56.59e-3,,,,49.48e-3,61.22e-3,61.22e-3,56.73e-3,49.48e-3
"Parameters: ch0=1.8, ch1=0, ch2=1.8, ch3=0, ch4=1.8, ch5=1.8, ch6=0, ch7=0",,,,,,,,,,,
173,base_setup,diff,34.07e-3,,,,30.69e-3,38.6e-3,30.69e-3,33.97e-3,38.6e-3
"Parameters: ch0=1.8, ch1=0, ch2=1.8, ch3=0, ch4=1.8, ch5=1.8, ch6=0, ch7=1.8",,,,,,,,,,,
174,base_setup,diff,82.79e-3,,,,80.19e-3,84.41e-3,84.41e-3,82.83e-3,80.19e-3
"Parameters: ch0=1.8, ch1=0, ch2=1.8, ch3=0, ch4=1.8, ch5=1.8, ch6=1.8, ch7=0",,,,,,,,,,,
175,base_setup,diff,-34.44e-3,,,,-38.46e-3,-29.99e-3,-38.46e-3,-34.54e-3,-29.99e-3
"Parameters: ch0=1.8, ch1=0, ch2=1.8, ch3=0, ch4=1.8, ch5=1.8, ch6=1.8, ch7=1.8",,,,,,,,,,,
176,base_setup,diff,14.28e-3,,,,11.42e-3,15.65e-3,15.65e-3,14.33e-3,11.42e-3
"Parameters: ch0=1.8, ch1=0, ch2=1.8, ch3=1.8, ch4=0, ch5=0, ch6=0, ch7=0",,,,,,,,,,,
177,base_setup,diff,57.51e-3,,,,53.82e-3,61.92e-3,53.82e-3,57.41e-3,61.92e-3
"Parameters: ch0=1.8, ch1=0, ch2=1.8, ch3=1.8, ch4=0, ch5=0, ch6=0, ch7=1.8",,,,,,,,,,,
178,base_setup,diff,104.6e-3,,,,102e-3,105.8e-3,105.8e-3,104.6e-3,102e-3
"Parameters: ch0=1.8, ch1=0, ch2=1.8, ch3=1.8, ch4=0, ch5=0, ch6=1.8, ch7=0",,,,,,,,,,,
179,base_setup,diff,-10.09e-3,,,,-13.57e-3,-5.806e-3,-13.57e-3,-10.19e-3,-5.806e-3
"Parameters: ch0=1.8, ch1=0, ch2=1.8, ch3=1.8, ch4=0, ch5=0, ch6=1.8, ch7=1.8",,,,,,,,,,,
180,base_setup,diff,37.09e-3,,,,34.26e-3,38.8e-3,38.8e-3,37.14e-3,34.26e-3
"Parameters: ch0=1.8, ch1=0, ch2=1.8, ch3=1.8, ch4=0, ch5=1.8, ch6=0, ch7=0",,,,,,,,,,,
181,base_setup,diff,15.67e-3,,,,8.843e-3,24.67e-3,8.843e-3,15.47e-3,24.67e-3
"Parameters: ch0=1.8, ch1=0, ch2=1.8, ch3=1.8, ch4=0, ch5=1.8, ch6=0, ch7=1.8",,,,,,,,,,,
182,base_setup,diff,63.63e-3,,,,61.94e-3,65.52e-3,61.94e-3,63.58e-3,65.52e-3
"Parameters: ch0=1.8, ch1=0, ch2=1.8, ch3=1.8, ch4=0, ch5=1.8, ch6=1.8, ch7=0",,,,,,,,,,,
183,base_setup,diff,-52.84e-3,,,,-60.35e-3,-43.86e-3,-60.35e-3,-53.04e-3,-43.86e-3
"Parameters: ch0=1.8, ch1=0, ch2=1.8, ch3=1.8, ch4=0, ch5=1.8, ch6=1.8, ch7=1.8",,,,,,,,,,,
184,base_setup,diff,-4.977e-3,,,,-7.132e-3,-3.185e-3,-7.132e-3,-5.027e-3,-3.185e-3
"Parameters: ch0=1.8, ch1=0, ch2=1.8, ch3=1.8, ch4=1.8, ch5=0, ch6=0, ch7=0",,,,,,,,,,,
185,base_setup,diff,85.48e-3,,,,83.64e-3,86.35e-3,86.35e-3,85.5e-3,83.64e-3
"Parameters: ch0=1.8, ch1=0, ch2=1.8, ch3=1.8, ch4=1.8, ch5=0, ch6=0, ch7=1.8",,,,,,,,,,,
186,base_setup,diff,133.1e-3,,,,124.3e-3,138.5e-3,138.5e-3,133.2e-3,124.3e-3
"Parameters: ch0=1.8, ch1=0, ch2=1.8, ch3=1.8, ch4=1.8, ch5=0, ch6=1.8, ch7=0",,,,,,,,,,,
187,base_setup,diff,18.02e-3,,,,16.06e-3,19.06e-3,19.06e-3,18.06e-3,16.06e-3
"Parameters: ch0=1.8, ch1=0, ch2=1.8, ch3=1.8, ch4=1.8, ch5=0, ch6=1.8, ch7=1.8",,,,,,,,,,,
188,base_setup,diff,65.85e-3,,,,56.71e-3,71.98e-3,71.98e-3,66.04e-3,56.71e-3
"Parameters: ch0=1.8, ch1=0, ch2=1.8, ch3=1.8, ch4=1.8, ch5=1.8, ch6=0, ch7=0",,,,,,,,,,,
189,base_setup,diff,44.07e-3,,,,42.1e-3,46.57e-3,42.1e-3,44.01e-3,46.57e-3
"Parameters: ch0=1.8, ch1=0, ch2=1.8, ch3=1.8, ch4=1.8, ch5=1.8, ch6=0, ch7=1.8",,,,,,,,,,,
190,base_setup,diff,92.56e-3,,,,87.97e-3,95.52e-3,95.52e-3,92.65e-3,87.97e-3
"Parameters: ch0=1.8, ch1=0, ch2=1.8, ch3=1.8, ch4=1.8, ch5=1.8, ch6=1.8, ch7=0",,,,,,,,,,,
191,base_setup,diff,-24.15e-3,,,,-26.32e-3,-21.86e-3,-26.32e-3,-24.21e-3,-21.86e-3
"Parameters: ch0=1.8, ch1=0, ch2=1.8, ch3=1.8, ch4=1.8, ch5=1.8, ch6=1.8, ch7=1.8",,,,,,,,,,,
192,base_setup,diff,24.4e-3,,,,19.39e-3,27.6e-3,27.6e-3,24.5e-3,19.39e-3
"Parameters: ch0=1.8, ch1=1.8, ch2=0, ch3=0, ch4=0, ch5=0, ch6=0, ch7=0",,,,,,,,,,,
193,base_setup,diff,43.67e-3,,,,38.62e-3,50.66e-3,38.62e-3,43.52e-3,50.66e-3
"Parameters: ch0=1.8, ch1=1.8, ch2=0, ch3=0, ch4=0, ch5=0, ch6=0, ch7=1.8",,,,,,,,,,,
194,base_setup,diff,91.32e-3,,,,91.23e-3,91.32e-3,91.27e-3,91.31e-3,91.23e-3
"Parameters: ch0=1.8, ch1=1.8, ch2=0, ch3=0, ch4=0, ch5=0, ch6=1.8, ch7=0",,,,,,,,,,,
195,base_setup,diff,-24.26e-3,,,,-29.25e-3,-17.43e-3,-29.25e-3,-24.4e-3,-17.43e-3
"Parameters: ch0=1.8, ch1=1.8, ch2=0, ch3=0, ch4=0, ch5=0, ch6=1.8, ch7=1.8",,,,,,,,,,,
196,base_setup,diff,23.45e-3,,,,23.04e-3,23.8e-3,23.8e-3,23.46e-3,23.04e-3
"Parameters: ch0=1.8, ch1=1.8, ch2=0, ch3=0, ch4=0, ch5=1.8, ch6=0, ch7=0",,,,,,,,,,,
197,base_setup,diff,517.8e-6,,,,-7.447e-3,11.93e-3,-7.447e-3,280.5e-6,11.93e-3
"Parameters: ch0=1.8, ch1=1.8, ch2=0, ch3=0, ch4=0, ch5=1.8, ch6=0, ch7=1.8",,,,,,,,,,,
198,base_setup,diff,49.03e-3,,,,46.34e-3,53.23e-3,46.34e-3,48.94e-3,53.23e-3
"Parameters: ch0=1.8, ch1=1.8, ch2=0, ch3=0, ch4=0, ch5=1.8, ch6=1.8, ch7=0",,,,,,,,,,,
199,base_setup,diff,-68.66e-3,,,,-78.48e-3,-56.92e-3,-78.48e-3,-68.92e-3,-56.92e-3
"Parameters: ch0=1.8, ch1=1.8, ch2=0, ch3=0, ch4=0, ch5=1.8, ch6=1.8, ch7=1.8",,,,,,,,,,,
200,base_setup,diff,-20.41e-3,,,,-24.9e-3,-15.86e-3,-24.9e-3,-20.52e-3,-15.86e-3
"Parameters: ch0=1.8, ch1=1.8, ch2=0, ch3=0, ch4=1.8, ch5=0, ch6=0, ch7=0",,,,,,,,,,,
201,base_setup,diff,73.38e-3,,,,72.71e-3,74.03e-3,72.71e-3,73.36e-3,74.03e-3
"Parameters: ch0=1.8, ch1=1.8, ch2=0, ch3=0, ch4=1.8, ch5=0, ch6=0, ch7=1.8",,,,,,,,,,,
202,base_setup,diff,121.5e-3,,,,115.1e-3,125.6e-3,125.6e-3,121.6e-3,115.1e-3
"Parameters: ch0=1.8, ch1=1.8, ch2=0, ch3=0, ch4=1.8, ch5=0, ch6=1.8, ch7=0",,,,,,,,,,,
203,base_setup,diff,5.658e-3,,,,5.225e-3,6.1e-3,5.225e-3,5.646e-3,6.1e-3
"Parameters: ch0=1.8, ch1=1.8, ch2=0, ch3=0, ch4=1.8, ch5=0, ch6=1.8, ch7=1.8",,,,,,,,,,,
204,base_setup,diff,53.98e-3,,,,47.14e-3,58.79e-3,58.79e-3,54.13e-3,47.14e-3
"Parameters: ch0=1.8, ch1=1.8, ch2=0, ch3=0, ch4=1.8, ch5=1.8, ch6=0, ch7=0",,,,,,,,,,,
205,base_setup,diff,30.77e-3,,,,27.72e-3,35.57e-3,27.72e-3,30.67e-3,35.57e-3
"Parameters: ch0=1.8, ch1=1.8, ch2=0, ch3=0, ch4=1.8, ch5=1.8, ch6=0, ch7=1.8",,,,,,,,,,,
206,base_setup,diff,79.78e-3,,,,77.38e-3,81.78e-3,81.78e-3,79.83e-3,77.38e-3
"Parameters: ch0=1.8, ch1=1.8, ch2=0, ch3=0, ch4=1.8, ch5=1.8, ch6=1.8, ch7=0",,,,,,,,,,,
207,base_setup,diff,-37.97e-3,,,,-42.11e-3,-33.14e-3,-42.11e-3,-38.08e-3,-33.14e-3
"Parameters: ch0=1.8, ch1=1.8, ch2=0, ch3=0, ch4=1.8, ch5=1.8, ch6=1.8, ch7=1.8",,,,,,,,,,,
208,base_setup,diff,11e-3,,,,8.48e-3,12.28e-3,12.28e-3,11.04e-3,8.48e-3
"Parameters: ch0=1.8, ch1=1.8, ch2=0, ch3=1.8, ch4=0, ch5=0, ch6=0, ch7=0",,,,,,,,,,,
209,base_setup,diff,54.34e-3,,,,50.78e-3,59.19e-3,50.78e-3,54.23e-3,59.19e-3
"Parameters: ch0=1.8, ch1=1.8, ch2=0, ch3=1.8, ch4=0, ch5=0, ch6=0, ch7=1.8",,,,,,,,,,,
210,base_setup,diff,101.7e-3,,,,99.54e-3,103.1e-3,103.1e-3,101.8e-3,99.54e-3
"Parameters: ch0=1.8, ch1=1.8, ch2=0, ch3=1.8, ch4=0, ch5=0, ch6=1.8, ch7=0",,,,,,,,,,,
211,base_setup,diff,-13.37e-3,,,,-16.73e-3,-8.678e-3,-16.73e-3,-13.47e-3,-8.678e-3
"Parameters: ch0=1.8, ch1=1.8, ch2=0, ch3=1.8, ch4=0, ch5=0, ch6=1.8, ch7=1.8",,,,,,,,,,,
212,base_setup,diff,34.1e-3,,,,31.6e-3,36.02e-3,36.02e-3,34.15e-3,31.6e-3
"Parameters: ch0=1.8, ch1=1.8, ch2=0, ch3=1.8, ch4=0, ch5=1.8, ch6=0, ch7=0",,,,,,,,,,,
213,base_setup,diff,11.98e-3,,,,5.483e-3,21.34e-3,5.483e-3,11.79e-3,21.34e-3
"Parameters: ch0=1.8, ch1=1.8, ch2=0, ch3=1.8, ch4=0, ch5=1.8, ch6=0, ch7=1.8",,,,,,,,,,,
214,base_setup,diff,60.23e-3,,,,58.94e-3,62.42e-3,58.94e-3,60.19e-3,62.42e-3
"Parameters: ch0=1.8, ch1=1.8, ch2=0, ch3=1.8, ch4=0, ch5=1.8, ch6=1.8, ch7=0",,,,,,,,,,,
215,base_setup,diff,-56.74e-3,,,,-64.32e-3,-47.3e-3,-64.32e-3,-56.95e-3,-47.3e-3
"Parameters: ch0=1.8, ch1=1.8, ch2=0, ch3=1.8, ch4=0, ch5=1.8, ch6=1.8, ch7=1.8",,,,,,,,,,,
216,base_setup,diff,-8.635e-3,,,,-10.81e-3,-6.426e-3,-10.81e-3,-8.687e-3,-6.426e-3
"Parameters: ch0=1.8, ch1=1.8, ch2=0, ch3=1.8, ch4=1.8, ch5=0, ch6=0, ch7=0",,,,,,,,,,,
217,base_setup,diff,83.28e-3,,,,81.76e-3,84.26e-3,84.26e-3,83.31e-3,81.76e-3
"Parameters: ch0=1.8, ch1=1.8, ch2=0, ch3=1.8, ch4=1.8, ch5=0, ch6=0, ch7=1.8",,,,,,,,,,,
218,base_setup,diff,131.1e-3,,,,122.7e-3,136.7e-3,136.7e-3,131.3e-3,122.7e-3
"Parameters: ch0=1.8, ch1=1.8, ch2=0, ch3=1.8, ch4=1.8, ch5=0, ch6=1.8, ch7=0",,,,,,,,,,,
219,base_setup,diff,15.73e-3,,,,14.04e-3,16.92e-3,16.92e-3,15.76e-3,14.04e-3
"Parameters: ch0=1.8, ch1=1.8, ch2=0, ch3=1.8, ch4=1.8, ch5=0, ch6=1.8, ch7=1.8",,,,,,,,,,,
220,base_setup,diff,63.84e-3,,,,54.9e-3,70.18e-3,70.18e-3,64.02e-3,54.9e-3
"Parameters: ch0=1.8, ch1=1.8, ch2=0, ch3=1.8, ch4=1.8, ch5=1.8, ch6=0, ch7=0",,,,,,,,,,,
221,base_setup,diff,41.39e-3,,,,39.78e-3,44.13e-3,39.78e-3,41.33e-3,44.13e-3
"Parameters: ch0=1.8, ch1=1.8, ch2=0, ch3=1.8, ch4=1.8, ch5=1.8, ch6=0, ch7=1.8",,,,,,,,,,,
222,base_setup,diff,90.15e-3,,,,85.75e-3,93.49e-3,93.49e-3,90.25e-3,85.75e-3
"Parameters: ch0=1.8, ch1=1.8, ch2=0, ch3=1.8, ch4=1.8, ch5=1.8, ch6=1.8, ch7=0",,,,,,,,,,,
223,base_setup,diff,-27.01e-3,,,,-29.13e-3,-24.4e-3,-29.13e-3,-27.07e-3,-24.4e-3
"Parameters: ch0=1.8, ch1=1.8, ch2=0, ch3=1.8, ch4=1.8, ch5=1.8, ch6=1.8, ch7=1.8",,,,,,,,,,,
224,base_setup,diff,21.8e-3,,,,17.05e-3,25.1e-3,25.1e-3,21.9e-3,17.05e-3
"Parameters: ch0=1.8, ch1=1.8, ch2=1.8, ch3=0, ch4=0, ch5=0, ch6=0, ch7=0",,,,,,,,,,,
225,base_setup,diff,50.74e-3,,,,46.38e-3,56.3e-3,46.38e-3,50.61e-3,56.3e-3
"Parameters: ch0=1.8, ch1=1.8, ch2=1.8, ch3=0, ch4=0, ch5=0, ch6=0, ch7=1.8",,,,,,,,,,,
226,base_setup,diff,98.06e-3,,,,96.63e-3,98.6e-3,98.6e-3,98.08e-3,96.63e-3
"Parameters: ch0=1.8, ch1=1.8, ch2=1.8, ch3=0, ch4=0, ch5=0, ch6=1.8, ch7=0",,,,,,,,,,,
227,base_setup,diff,-17.01e-3,,,,-21.17e-3,-11.62e-3,-21.17e-3,-17.12e-3,-11.62e-3
"Parameters: ch0=1.8, ch1=1.8, ch2=1.8, ch3=0, ch4=0, ch5=0, ch6=1.8, ch7=1.8",,,,,,,,,,,
228,base_setup,diff,30.39e-3,,,,28.64e-3,31.46e-3,31.46e-3,30.42e-3,28.64e-3
"Parameters: ch0=1.8, ch1=1.8, ch2=1.8, ch3=0, ch4=0, ch5=1.8, ch6=0, ch7=0",,,,,,,,,,,
229,base_setup,diff,8.305e-3,,,,991.2e-6,18.31e-3,991.2e-6,8.091e-3,18.31e-3
"Parameters: ch0=1.8, ch1=1.8, ch2=1.8, ch3=0, ch4=0, ch5=1.8, ch6=0, ch7=1.8",,,,,,,,,,,
230,base_setup,diff,56.5e-3,,,,54.36e-3,59.37e-3,54.36e-3,56.43e-3,59.37e-3
"Parameters: ch0=1.8, ch1=1.8, ch2=1.8, ch3=0, ch4=0, ch5=1.8, ch6=1.8, ch7=0",,,,,,,,,,,
231,base_setup,diff,-60.48e-3,,,,-68.92e-3,-50.38e-3,-68.92e-3,-60.7e-3,-50.38e-3
"Parameters: ch0=1.8, ch1=1.8, ch2=1.8, ch3=0, ch4=0, ch5=1.8, ch6=1.8, ch7=1.8",,,,,,,,,,,
232,base_setup,diff,-12.45e-3,,,,-15.55e-3,-9.517e-3,-15.55e-3,-12.52e-3,-9.517e-3
"Parameters: ch0=1.8, ch1=1.8, ch2=1.8, ch3=0, ch4=1.8, ch5=0, ch6=0, ch7=0",,,,,,,,,,,
233,base_setup,diff,79.44e-3,,,,78.8e-3,79.53e-3,79.53e-3,79.44e-3,78.8e-3
"Parameters: ch0=1.8, ch1=1.8, ch2=1.8, ch3=0, ch4=1.8, ch5=0, ch6=0, ch7=1.8",,,,,,,,,,,
234,base_setup,diff,127.2e-3,,,,119.7e-3,131.9e-3,131.9e-3,127.4e-3,119.7e-3
"Parameters: ch0=1.8, ch1=1.8, ch2=1.8, ch3=0, ch4=1.8, ch5=0, ch6=1.8, ch7=0",,,,,,,,,,,
235,base_setup,diff,11.87e-3,,,,11.04e-3,12.17e-3,12.17e-3,11.88e-3,11.04e-3
"Parameters: ch0=1.8, ch1=1.8, ch2=1.8, ch3=0, ch4=1.8, ch5=0, ch6=1.8, ch7=1.8",,,,,,,,,,,
236,base_setup,diff,59.9e-3,,,,51.87e-3,65.33e-3,65.33e-3,60.06e-3,51.87e-3
"Parameters: ch0=1.8, ch1=1.8, ch2=1.8, ch3=0, ch4=1.8, ch5=1.8, ch6=0, ch7=0",,,,,,,,,,,
237,base_setup,diff,37.49e-3,,,,34.95e-3,41.04e-3,34.95e-3,37.41e-3,41.04e-3
"Parameters: ch0=1.8, ch1=1.8, ch2=1.8, ch3=0, ch4=1.8, ch5=1.8, ch6=0, ch7=1.8",,,,,,,,,,,
238,base_setup,diff,86.19e-3,,,,82.63e-3,88.62e-3,88.62e-3,86.26e-3,82.63e-3
"Parameters: ch0=1.8, ch1=1.8, ch2=1.8, ch3=0, ch4=1.8, ch5=1.8, ch6=1.8, ch7=0",,,,,,,,,,,
239,base_setup,diff,-30.95e-3,,,,-34e-3,-27.53e-3,-34e-3,-31.03e-3,-27.53e-3
"Parameters: ch0=1.8, ch1=1.8, ch2=1.8, ch3=0, ch4=1.8, ch5=1.8, ch6=1.8, ch7=1.8",,,,,,,,,,,
240,base_setup,diff,17.78e-3,,,,13.9e-3,20.11e-3,20.11e-3,17.85e-3,13.9e-3
"Parameters: ch0=1.8, ch1=1.8, ch2=1.8, ch3=1.8, ch4=0, ch5=0, ch6=0, ch7=0",,,,,,,,,,,
241,base_setup,diff,60.53e-3,,,,57.61e-3,64.03e-3,57.61e-3,60.45e-3,64.03e-3
"Parameters: ch0=1.8, ch1=1.8, ch2=1.8, ch3=1.8, ch4=0, ch5=0, ch6=0, ch7=1.8",,,,,,,,,,,
242,base_setup,diff,107.6e-3,,,,104.2e-3,109.5e-3,109.5e-3,107.7e-3,104.2e-3
"Parameters: ch0=1.8, ch1=1.8, ch2=1.8, ch3=1.8, ch4=0, ch5=0, ch6=1.8, ch7=0",,,,,,,,,,,
243,base_setup,diff,-7.039e-3,,,,-9.735e-3,-3.669e-3,-9.735e-3,-7.115e-3,-3.669e-3
"Parameters: ch0=1.8, ch1=1.8, ch2=1.8, ch3=1.8, ch4=0, ch5=0, ch6=1.8, ch7=1.8",,,,,,,,,,,
244,base_setup,diff,40.14e-3,,,,36.41e-3,42.61e-3,42.61e-3,40.22e-3,36.41e-3
"Parameters: ch0=1.8, ch1=1.8, ch2=1.8, ch3=1.8, ch4=0, ch5=1.8, ch6=0, ch7=0",,,,,,,,,,,
245,base_setup,diff,18.82e-3,,,,12.77e-3,26.88e-3,12.77e-3,18.65e-3,26.88e-3
"Parameters: ch0=1.8, ch1=1.8, ch2=1.8, ch3=1.8, ch4=0, ch5=1.8, ch6=0, ch7=1.8",,,,,,,,,,,
246,base_setup,diff,66.77e-3,,,,65.83e-3,67.74e-3,65.83e-3,66.74e-3,67.74e-3
"Parameters: ch0=1.8, ch1=1.8, ch2=1.8, ch3=1.8, ch4=0, ch5=1.8, ch6=1.8, ch7=0",,,,,,,,,,,
247,base_setup,diff,-49.61e-3,,,,-56.22e-3,-41.63e-3,-56.22e-3,-49.79e-3,-41.63e-3
"Parameters: ch0=1.8, ch1=1.8, ch2=1.8, ch3=1.8, ch4=0, ch5=1.8, ch6=1.8, ch7=1.8",,,,,,,,,,,
248,base_setup,diff,-1.744e-3,,,,-2.993e-3,-935e-6,-2.993e-3,-1.77e-3,-935e-6
"Parameters: ch0=1.8, ch1=1.8, ch2=1.8, ch3=1.8, ch4=1.8, ch5=0, ch6=0, ch7=0",,,,,,,,,,,
249,base_setup,diff,88.48e-3,,,,85.79e-3,90.03e-3,90.03e-3,88.53e-3,85.79e-3
"Parameters: ch0=1.8, ch1=1.8, ch2=1.8, ch3=1.8, ch4=1.8, ch5=0, ch6=0, ch7=1.8",,,,,,,,,,,
250,base_setup,diff,136.1e-3,,,,126.5e-3,142.2e-3,142.2e-3,136.3e-3,126.5e-3
"Parameters: ch0=1.8, ch1=1.8, ch2=1.8, ch3=1.8, ch4=1.8, ch5=0, ch6=1.8, ch7=0",,,,,,,,,,,
251,base_setup,diff,21.06e-3,,,,18.24e-3,22.81e-3,22.81e-3,21.11e-3,18.24e-3
"Parameters: ch0=1.8, ch1=1.8, ch2=1.8, ch3=1.8, ch4=1.8, ch5=0, ch6=1.8, ch7=1.8",,,,,,,,,,,
252,base_setup,diff,68.9e-3,,,,58.91e-3,75.71e-3,75.71e-3,69.1e-3,58.91e-3
"Parameters: ch0=1.8, ch1=1.8, ch2=1.8, ch3=1.8, ch4=1.8, ch5=1.8, ch6=0, ch7=0",,,,,,,,,,,
253,base_setup,diff,47.21e-3,,,,45.97e-3,48.82e-3,45.97e-3,47.17e-3,48.82e-3
"Parameters: ch0=1.8, ch1=1.8, ch2=1.8, ch3=1.8, ch4=1.8, ch5=1.8, ch6=0, ch7=1.8",,,,,,,,,,,
254,base_setup,diff,95.69e-3,,,,90.23e-3,99.34e-3,99.34e-3,95.8e-3,90.23e-3
"Parameters: ch0=1.8, ch1=1.8, ch2=1.8, ch3=1.8, ch4=1.8, ch5=1.8, ch6=1.8, ch7=0",,,,,,,,,,,
255,base_setup,diff,-20.97e-3,,,,-22.32e-3,-19.59e-3,-22.32e-3,-21e-3,-19.59e-3
"Parameters: ch0=1.8, ch1=1.8, ch2=1.8, ch3=1.8, ch4=1.8, ch5=1.8, ch6=1.8, ch7=1.8",,,,,,,,,,,
256,base_setup,diff,27.12e-3,,,,13.82e-3,30.93e-3,30.93e-3,27.27e-3,13.82e-3

