Test,Name,Yield,Min,Target,Max,Mean,Std Dev,Cpk,Errors
Overall Yield Estimate: 100 %(10 passed/10 pts)     Confidence Level: <not set>   Filter: <not set>,,,,,,,,,
"Yield Estimate: 100 %(10 passed/10 pts) | Parameters: ch0=0,ch1=1.8,ch2=1.8,ch3=0,ch4=0,ch5=0,ch6=1.8,ch7=1.8",,,,,,,,,
base_setup,,,,,,,,,
,diff(summary),100% (10/10),-108e-3,,32.77e-3,-875.2e-6,42.33e-3,,0
,diff,100% (10/10),-108e-3,info,32.77e-3,-875.2e-6,42.33e-3,,0
"Yield Estimate: 100 %(10 passed/10 pts) | Parameters: ch0=0,ch1=1.8,ch2=1.8,ch3=0,ch4=0,ch5=0,ch6=1.8,ch7=0",,,,,,,,,
base_setup,,,,,,,,,
,diff(summary),100% (10/10),-158.6e-3,,-33.71e-3,-73.04e-3,39.81e-3,,0
"Yield Estimate: 100 %(10 passed/10 pts) | Parameters: ch0=0,ch1=1.8,ch2=1.8,ch3=0,ch4=0,ch5=0,ch6=0,ch7=1.8",,,,,,,,,
base_setup,,,,,,,,,
,diff(summary),100% (10/10),39.26e-3,,97.83e-3,70.84e-3,18.39e-3,,0
"Yield Estimate: 100 %(10 passed/10 pts) | Parameters: ch0=0,ch1=1.8,ch2=1.8,ch3=0,ch4=0,ch5=0,ch6=0,ch7=0",,,,,,,,,
base_setup,,,,,,,,,
,diff(summary),100% (10/10),-11.26e-3,,5.535e-3,-1.381e-3,5.414e-3,,0
"Yield Estimate: 100 %(10 passed/10 pts) | Parameters: ch0=0,ch1=1.8,ch2=1.8,ch3=0,ch4=0,ch5=1.8,ch6=1.8,ch7=1.8",,,,,,,,,
base_setup,,,,,,,,,
,diff(summary),100% (10/10),14.64e-3,,222e-3,163.3e-3,60.62e-3,,0
"Yield Estimate: 100 %(10 passed/10 pts) | Parameters: ch0=0,ch1=1.8,ch2=1.8,ch3=0,ch4=0,ch5=1.8,ch6=1.8,ch7=0",,,,,,,,,
base_setup,,,,,,,,,
,diff(summary),100% (10/10),-155.5e-3,,-29.16e-3,-68.63e-3,40.11e-3,,0
"Yield Estimate: 100 %(10 passed/10 pts) | Parameters: ch0=0,ch1=1.8,ch2=1.8,ch3=0,ch4=0,ch5=1.8,ch6=0,ch7=1.8",,,,,,,,,
base_setup,,,,,,,,,
,diff(summary),100% (10/10),161.9e-3,,296.9e-3,234.9e-3,44.72e-3,,0
"Yield Estimate: 100 %(10 passed/10 pts) | Parameters: ch0=0,ch1=1.8,ch2=1.8,ch3=0,ch4=0,ch5=1.8,ch6=0,ch7=0",,,,,,,,,
base_setup,,,,,,,,,
,diff(summary),100% (10/10),-7.744e-3,,10.77e-3,3.074e-3,5.919e-3,,0
"Yield Estimate: 100 %(10 passed/10 pts) | Parameters: ch0=0,ch1=1.8,ch2=1.8,ch3=0,ch4=1.8,ch5=0,ch6=1.8,ch7=1.8",,,,,,,,,
base_setup,,,,,,,,,
,diff(summary),100% (10/10),-315.1e-3,,-123.2e-3,-173.2e-3,61.93e-3,,0
"Yield Estimate: 100 %(10 passed/10 pts) | Parameters: ch0=0,ch1=1.8,ch2=1.8,ch3=0,ch4=1.8,ch5=0,ch6=1.8,ch7=0",,,,,,,,,
base_setup,,,,,,,,,
,diff(summary),100% (10/10),-365.7e-3,,-191.4e-3,-245.1e-3,56.99e-3,,0
"Yield Estimate: 100 %(10 passed/10 pts) | Parameters: ch0=0,ch1=1.8,ch2=1.8,ch3=0,ch4=1.8,ch5=0,ch6=0,ch7=1.8",,,,,,,,,
base_setup,,,,,,,,,
,diff(summary),100% (10/10),33.64e-3,,94.06e-3,66.26e-3,18.74e-3,,0
"Yield Estimate: 100 %(10 passed/10 pts) | Parameters: ch0=0,ch1=1.8,ch2=1.8,ch3=0,ch4=1.8,ch5=0,ch6=0,ch7=0",,,,,,,,,
base_setup,,,,,,,,,
,diff(summary),100% (10/10),-16.92e-3,,1.301e-3,-6.093e-3,5.491e-3,,0
"Yield Estimate: 100 %(10 passed/10 pts) | Parameters: ch0=0,ch1=1.8,ch2=1.8,ch3=0,ch4=1.8,ch5=1.8,ch6=1.8,ch7=1.8",,,,,,,,,
base_setup,,,,,,,,,
,diff(summary),100% (10/10),-193.6e-3,,71.5e-3,-9.174e-3,80.01e-3,,0
"Yield Estimate: 100 %(10 passed/10 pts) | Parameters: ch0=0,ch1=1.8,ch2=1.8,ch3=0,ch4=1.8,ch5=1.8,ch6=1.8,ch7=0",,,,,,,,,
base_setup,,,,,,,,,
,diff(summary),100% (10/10),-363.2e-3,,-189e-3,-241.2e-3,57.37e-3,,0
"Yield Estimate: 100 %(10 passed/10 pts) | Parameters: ch0=0,ch1=1.8,ch2=1.8,ch3=0,ch4=1.8,ch5=1.8,ch6=0,ch7=1.8",,,,,,,,,
base_setup,,,,,,,,,
,diff(summary),100% (10/10),156.3e-3,,293.3e-3,230.6e-3,45.1e-3,,0
"Yield Estimate: 100 %(10 passed/10 pts) | Parameters: ch0=0,ch1=1.8,ch2=1.8,ch3=0,ch4=1.8,ch5=1.8,ch6=0,ch7=0",,,,,,,,,
base_setup,,,,,,,,,
,diff(summary),100% (10/10),-14.25e-3,,7.123e-3,-1.66e-3,6.317e-3,,0
"Yield Estimate: 100 %(10 passed/10 pts) | Parameters: ch0=0,ch1=1.8,ch2=1.8,ch3=1.8,ch4=0,ch5=0,ch6=1.8,ch7=1.8",,,,,,,,,
base_setup,,,,,,,,,
,diff(summary),100% (10/10),-108.2e-3,,32.6e-3,-889.3e-6,42.28e-3,,0
"Yield Estimate: 100 %(10 passed/10 pts) | Parameters: ch0=0,ch1=1.8,ch2=1.8,ch3=1.8,ch4=0,ch5=0,ch6=1.8,ch7=0",,,,,,,,,
base_setup,,,,,,,,,
,diff(summary),100% (10/10),-158.7e-3,,-33.71e-3,-73.09e-3,39.89e-3,,0
"Yield Estimate: 100 %(10 passed/10 pts) | Parameters: ch0=0,ch1=1.8,ch2=1.8,ch3=1.8,ch4=0,ch5=0,ch6=0,ch7=1.8",,,,,,,,,
base_setup,,,,,,,,,
,diff(summary),100% (10/10),39.32e-3,,97.57e-3,70.94e-3,18.42e-3,,0
"Yield Estimate: 100 %(10 passed/10 pts) | Parameters: ch0=0,ch1=1.8,ch2=1.8,ch3=1.8,ch4=0,ch5=0,ch6=0,ch7=0",,,,,,,,,
base_setup,,,,,,,,,
,diff(summary),100% (10/10),-11.16e-3,,5.43e-3,-1.427e-3,5.426e-3,,0
"Yield Estimate: 100 %(10 passed/10 pts) | Parameters: ch0=0,ch1=1.8,ch2=1.8,ch3=1.8,ch4=0,ch5=1.8,ch6=1.8,ch7=1.8",,,,,,,,,
base_setup,,,,,,,,,
,diff(summary),100% (10/10),11.71e-3,,218e-3,162.6e-3,57.51e-3,,0
"Yield Estimate: 100 %(10 passed/10 pts) | Parameters: ch0=0,ch1=1.8,ch2=1.8,ch3=1.8,ch4=0,ch5=1.8,ch6=1.8,ch7=0",,,,,,,,,
base_setup,,,,,,,,,
,diff(summary),100% (10/10),-155.7e-3,,-29.41e-3,-68.71e-3,40.02e-3,,0
"Yield Estimate: 100 %(10 passed/10 pts) | Parameters: ch0=0,ch1=1.8,ch2=1.8,ch3=1.8,ch4=0,ch5=1.8,ch6=0,ch7=1.8",,,,,,,,,
base_setup,,,,,,,,,
,diff(summary),100% (10/10),158.9e-3,,283e-3,234e-3,42.04e-3,,0
"Yield Estimate: 100 %(10 passed/10 pts) | Parameters: ch0=0,ch1=1.8,ch2=1.8,ch3=1.8,ch4=0,ch5=1.8,ch6=0,ch7=0",,,,,,,,,
base_setup,,,,,,,,,
,diff(summary),100% (10/10),-8.387e-3,,10.89e-3,3.034e-3,5.934e-3,,0
"Yield Estimate: 100 %(10 passed/10 pts) | Parameters: ch0=0,ch1=1.8,ch2=1.8,ch3=1.8,ch4=1.8,ch5=0,ch6=1.8,ch7=1.8",,,,,,,,,
base_setup,,,,,,,,,
,diff(summary),100% (10/10),-316.5e-3,,-123.8e-3,-173.9e-3,62.03e-3,,0
"Yield Estimate: 100 %(10 passed/10 pts) | Parameters: ch0=0,ch1=1.8,ch2=1.8,ch3=1.8,ch4=1.8,ch5=0,ch6=1.8,ch7=0",,,,,,,,,
base_setup,,,,,,,,,
,diff(summary),100% (10/10),-366.4e-3,,-192.1e-3,-245.6e-3,56.98e-3,,0
"Yield Estimate: 100 %(10 passed/10 pts) | Parameters: ch0=0,ch1=1.8,ch2=1.8,ch3=1.8,ch4=1.8,ch5=0,ch6=0,ch7=1.8",,,,,,,,,
base_setup,,,,,,,,,
,diff(summary),100% (10/10),33.57e-3,,93.81e-3,66.3e-3,18.79e-3,,0
"Yield Estimate: 100 %(10 passed/10 pts) | Parameters: ch0=0,ch1=1.8,ch2=1.8,ch3=1.8,ch4=1.8,ch5=0,ch6=0,ch7=0",,,,,,,,,
base_setup,,,,,,,,,
,diff(summary),100% (10/10),-17.44e-3,,1.597e-3,-6.155e-3,5.587e-3,,0
"Yield Estimate: 100 %(10 passed/10 pts) | Parameters: ch0=0,ch1=1.8,ch2=1.8,ch3=1.8,ch4=1.8,ch5=1.8,ch6=1.8,ch7=1.8",,,,,,,,,
base_setup,,,,,,,,,
,diff(summary),100% (10/10),-198e-3,,61.19e-3,-10.47e-3,76.98e-3,,0
"Yield Estimate: 100 %(10 passed/10 pts) | Parameters: ch0=0,ch1=1.8,ch2=1.8,ch3=1.8,ch4=1.8,ch5=1.8,ch6=1.8,ch7=0",,,,,,,,,
base_setup,,,,,,,,,
,diff(summary),100% (10/10),-364.3e-3,,-189.1e-3,-241.9e-3,57.38e-3,,0
"Yield Estimate: 100 %(10 passed/10 pts) | Parameters: ch0=0,ch1=1.8,ch2=1.8,ch3=1.8,ch4=1.8,ch5=1.8,ch6=0,ch7=1.8",,,,,,,,,
base_setup,,,,,,,,,
,diff(summary),100% (10/10),153.8e-3,,279.7e-3,230.1e-3,42.36e-3,,0
"Yield Estimate: 100 %(10 passed/10 pts) | Parameters: ch0=0,ch1=1.8,ch2=1.8,ch3=1.8,ch4=1.8,ch5=1.8,ch6=0,ch7=0",,,,,,,,,
base_setup,,,,,,,,,
,diff(summary),100% (10/10),-14.15e-3,,6.552e-3,-1.697e-3,6.08e-3,,0
"Yield Estimate: 100 %(10 passed/10 pts) | Parameters: ch0=0,ch1=1.8,ch2=0,ch3=0,ch4=0,ch5=0,ch6=1.8,ch7=1.8",,,,,,,,,
base_setup,,,,,,,,,
,diff(summary),100% (10/10),-107.4e-3,,32.21e-3,-979.5e-6,42.02e-3,,0
"Yield Estimate: 100 %(10 passed/10 pts) | Parameters: ch0=0,ch1=1.8,ch2=0,ch3=0,ch4=0,ch5=0,ch6=1.8,ch7=0",,,,,,,,,
base_setup,,,,,,,,,
,diff(summary),100% (10/10),-158e-3,,-34.19e-3,-73.14e-3,39.56e-3,,0
"Yield Estimate: 100 %(10 passed/10 pts) | Parameters: ch0=0,ch1=1.8,ch2=0,ch3=0,ch4=0,ch5=0,ch6=0,ch7=1.8",,,,,,,,,
base_setup,,,,,,,,,
,diff(summary),100% (10/10),39.03e-3,,97.6e-3,70.62e-3,18.39e-3,,0
"Yield Estimate: 100 %(10 passed/10 pts) | Parameters: ch0=0,ch1=1.8,ch2=0,ch3=0,ch4=0,ch5=0,ch6=0,ch7=0",,,,,,,,,
base_setup,,,,,,,,,
,diff(summary),100% (10/10),-11.2e-3,,5.535e-3,-1.387e-3,5.441e-3,,0
"Yield Estimate: 100 %(10 passed/10 pts) | Parameters: ch0=0,ch1=1.8,ch2=0,ch3=0,ch4=0,ch5=1.8,ch6=1.8,ch7=1.8",,,,,,,,,
base_setup,,,,,,,,,
,diff(summary),100% (10/10),15.1e-3,,221.1e-3,162.9e-3,60.27e-3,,0
"Yield Estimate: 100 %(10 passed/10 pts) | Parameters: ch0=0,ch1=1.8,ch2=0,ch3=0,ch4=0,ch5=1.8,ch6=1.8,ch7=0",,,,,,,,,
base_setup,,,,,,,,,
,diff(summary),100% (10/10),-154.8e-3,,-29.76e-3,-68.66e-3,39.71e-3,,0
"Yield Estimate: 100 %(10 passed/10 pts) | Parameters: ch0=0,ch1=1.8,ch2=0,ch3=0,ch4=0,ch5=1.8,ch6=0,ch7=1.8",,,,,,,,,
base_setup,,,,,,,,,
,diff(summary),100% (10/10),161.6e-3,,296.5e-3,234.4e-3,44.73e-3,,0
"Yield Estimate: 100 %(10 passed/10 pts) | Parameters: ch0=0,ch1=1.8,ch2=0,ch3=0,ch4=0,ch5=1.8,ch6=0,ch7=0",,,,,,,,,
base_setup,,,,,,,,,
,diff(summary),100% (10/10),-7.981e-3,,10.89e-3,3.092e-3,5.941e-3,,0
"Yield Estimate: 100 %(10 passed/10 pts) | Parameters: ch0=0,ch1=1.8,ch2=0,ch3=0,ch4=1.8,ch5=0,ch6=1.8,ch7=1.8",,,,,,,,,
base_setup,,,,,,,,,
,diff(summary),100% (10/10),-291.1e-3,,-119e-3,-175.8e-3,53.41e-3,,0
"Yield Estimate: 100 %(10 passed/10 pts) | Parameters: ch0=0,ch1=1.8,ch2=0,ch3=0,ch4=1.8,ch5=0,ch6=1.8,ch7=0",,,,,,,,,
base_setup,,,,,,,,,
,diff(summary),100% (10/10),-341.1e-3,,-190e-3,-247.8e-3,47.45e-3,,0
"Yield Estimate: 100 %(10 passed/10 pts) | Parameters: ch0=0,ch1=1.8,ch2=0,ch3=0,ch4=1.8,ch5=0,ch6=0,ch7=1.8",,,,,,,,,
base_setup,,,,,,,,,
,diff(summary),100% (10/10),34.14e-3,,94.1e-3,66.03e-3,18.66e-3,,0
"Yield Estimate: 100 %(10 passed/10 pts) | Parameters: ch0=0,ch1=1.8,ch2=0,ch3=0,ch4=1.8,ch5=0,ch6=0,ch7=0",,,,,,,,,
base_setup,,,,,,,,,
,diff(summary),100% (10/10),-16.32e-3,,841.8e-6,-6.185e-3,5.277e-3,,0
"Yield Estimate: 100 %(10 passed/10 pts) | Parameters: ch0=0,ch1=1.8,ch2=0,ch3=0,ch4=1.8,ch5=1.8,ch6=1.8,ch7=1.8",,,,,,,,,
base_setup,,,,,,,,,
,diff(summary),100% (10/10),-169.1e-3,,79.36e-3,-12.16e-3,69.36e-3,,0
"Yield Estimate: 100 %(10 passed/10 pts) | Parameters: ch0=0,ch1=1.8,ch2=0,ch3=0,ch4=1.8,ch5=1.8,ch6=1.8,ch7=0",,,,,,,,,
base_setup,,,,,,,,,
,diff(summary),100% (10/10),-338.6e-3,,-186.9e-3,-243.7e-3,47.79e-3,,0
"Yield Estimate: 100 %(10 passed/10 pts) | Parameters: ch0=0,ch1=1.8,ch2=0,ch3=0,ch4=1.8,ch5=1.8,ch6=0,ch7=1.8",,,,,,,,,
base_setup,,,,,,,,,
,diff(summary),100% (10/10),156.8e-3,,293.1e-3,230.1e-3,44.89e-3,,0
"Yield Estimate: 100 %(10 passed/10 pts) | Parameters: ch0=0,ch1=1.8,ch2=0,ch3=0,ch4=1.8,ch5=1.8,ch6=0,ch7=0",,,,,,,,,
base_setup,,,,,,,,,
,diff(summary),100% (10/10),-13.39e-3,,6.12e-3,-1.753e-3,5.927e-3,,0
"Yield Estimate: 100 %(10 passed/10 pts) | Parameters: ch0=0,ch1=1.8,ch2=0,ch3=1.8,ch4=0,ch5=0,ch6=1.8,ch7=1.8",,,,,,,,,
base_setup,,,,,,,,,
,diff(summary),100% (10/10),-107.5e-3,,32.04e-3,-999e-6,41.98e-3,,0
"Yield Estimate: 100 %(10 passed/10 pts) | Parameters: ch0=0,ch1=1.8,ch2=0,ch3=1.8,ch4=0,ch5=0,ch6=1.8,ch7=0",,,,,,,,,
base_setup,,,,,,,,,
,diff(summary),100% (10/10),-157.9e-3,,-34.22e-3,-73.1e-3,39.5e-3,,0
"Yield Estimate: 100 %(10 passed/10 pts) | Parameters: ch0=0,ch1=1.8,ch2=0,ch3=1.8,ch4=0,ch5=0,ch6=0,ch7=1.8",,,,,,,,,
base_setup,,,,,,,,,
,diff(summary),100% (10/10),39.17e-3,,97.42e-3,70.8e-3,18.41e-3,,0
"Yield Estimate: 100 %(10 passed/10 pts) | Parameters: ch0=0,ch1=1.8,ch2=0,ch3=1.8,ch4=0,ch5=0,ch6=0,ch7=0",,,,,,,,,
base_setup,,,,,,,,,
,diff(summary),100% (10/10),-11.38e-3,,5.456e-3,-1.435e-3,5.463e-3,,0
"Yield Estimate: 100 %(10 passed/10 pts) | Parameters: ch0=0,ch1=1.8,ch2=0,ch3=1.8,ch4=0,ch5=1.8,ch6=1.8,ch7=1.8",,,,,,,,,
base_setup,,,,,,,,,
,diff(summary),100% (10/10),11.99e-3,,217.3e-3,162e-3,57.23e-3,,0
"Yield Estimate: 100 %(10 passed/10 pts) | Parameters: ch0=0,ch1=1.8,ch2=0,ch3=1.8,ch4=0,ch5=1.8,ch6=1.8,ch7=0",,,,,,,,,
base_setup,,,,,,,,,
,diff(summary),100% (10/10),-154.9e-3,,-29.9e-3,-68.68e-3,39.7e-3,,0
"Yield Estimate: 100 %(10 passed/10 pts) | Parameters: ch0=0,ch1=1.8,ch2=0,ch3=1.8,ch4=0,ch5=1.8,ch6=0,ch7=1.8",,,,,,,,,
base_setup,,,,,,,,,
,diff(summary),100% (10/10),158.7e-3,,282.6e-3,233.7e-3,41.99e-3,,0
"Yield Estimate: 100 %(10 passed/10 pts) | Parameters: ch0=0,ch1=1.8,ch2=0,ch3=1.8,ch4=0,ch5=1.8,ch6=0,ch7=0",,,,,,,,,
base_setup,,,,,,,,,
,diff(summary),100% (10/10),-8.049e-3,,11.06e-3,3.056e-3,6.008e-3,,0
"Yield Estimate: 100 %(10 passed/10 pts) | Parameters: ch0=0,ch1=1.8,ch2=0,ch3=1.8,ch4=1.8,ch5=0,ch6=1.8,ch7=1.8",,,,,,,,,
base_setup,,,,,,,,,
,diff(summary),100% (10/10),-291.8e-3,,-120.2e-3,-176.4e-3,53.37e-3,,0
"Yield Estimate: 100 %(10 passed/10 pts) | Parameters: ch0=0,ch1=1.8,ch2=0,ch3=1.8,ch4=1.8,ch5=0,ch6=1.8,ch7=0",,,,,,,,,
base_setup,,,,,,,,,
,diff(summary),100% (10/10),-341.7e-3,,-189.9e-3,-248.2e-3,47.55e-3,,0
"Yield Estimate: 100 %(10 passed/10 pts) | Parameters: ch0=0,ch1=1.8,ch2=0,ch3=1.8,ch4=1.8,ch5=0,ch6=0,ch7=1.8",,,,,,,,,
base_setup,,,,,,,,,
,diff(summary),100% (10/10),34.2e-3,,93.85e-3,66.14e-3,18.68e-3,,0
"Yield Estimate: 100 %(10 passed/10 pts) | Parameters: ch0=0,ch1=1.8,ch2=0,ch3=1.8,ch4=1.8,ch5=0,ch6=0,ch7=0",,,,,,,,,
base_setup,,,,,,,,,
,diff(summary),100% (10/10),-16.51e-3,,773.1e-6,-6.191e-3,5.312e-3,,0
"Yield Estimate: 100 %(10 passed/10 pts) | Parameters: ch0=0,ch1=1.8,ch2=0,ch3=1.8,ch4=1.8,ch5=1.8,ch6=1.8,ch7=1.8",,,,,,,,,
base_setup,,,,,,,,,
,diff(summary),100% (10/10),-172.8e-3,,64.73e-3,-13.45e-3,67.17e-3,,0
"Yield Estimate: 100 %(10 passed/10 pts) | Parameters: ch0=0,ch1=1.8,ch2=0,ch3=1.8,ch4=1.8,ch5=1.8,ch6=1.8,ch7=0",,,,,,,,,
base_setup,,,,,,,,,
,diff(summary),100% (10/10),-339.3e-3,,-186.8e-3,-244.2e-3,47.81e-3,,0
"Yield Estimate: 100 %(10 passed/10 pts) | Parameters: ch0=0,ch1=1.8,ch2=0,ch3=1.8,ch4=1.8,ch5=1.8,ch6=0,ch7=1.8",,,,,,,,,
base_setup,,,,,,,,,
,diff(summary),100% (10/10),153.8e-3,,279.3e-3,229.2e-3,42.19e-3,,0
"Yield Estimate: 100 %(10 passed/10 pts) | Parameters: ch0=0,ch1=1.8,ch2=0,ch3=1.8,ch4=1.8,ch5=1.8,ch6=0,ch7=0",,,,,,,,,
base_setup,,,,,,,,,
,diff(summary),100% (10/10),-13.73e-3,,6.091e-3,-1.84e-3,6.006e-3,,0
"Yield Estimate: 100 %(10 passed/10 pts) | Parameters: ch0=0,ch1=0,ch2=1.8,ch3=0,ch4=0,ch5=0,ch6=1.8,ch7=1.8",,,,,,,,,
base_setup,,,,,,,,,
,diff(summary),100% (10/10),-108.1e-3,,32.2e-3,-942.8e-6,42.34e-3,,0
"Yield Estimate: 100 %(10 passed/10 pts) | Parameters: ch0=0,ch1=0,ch2=1.8,ch3=0,ch4=0,ch5=0,ch6=1.8,ch7=0",,,,,,,,,
base_setup,,,,,,,,,
,diff(summary),100% (10/10),-158.5e-3,,-33.61e-3,-72.88e-3,39.79e-3,,0
"Yield Estimate: 100 %(10 passed/10 pts) | Parameters: ch0=0,ch1=0,ch2=1.8,ch3=0,ch4=0,ch5=0,ch6=0,ch7=1.8",,,,,,,,,
base_setup,,,,,,,,,
,diff(summary),100% (10/10),38.97e-3,,98.12e-3,70.65e-3,18.33e-3,,0
"Yield Estimate: 100 %(10 passed/10 pts) | Parameters: ch0=0,ch1=0,ch2=1.8,ch3=0,ch4=0,ch5=0,ch6=0,ch7=0",,,,,,,,,
base_setup,,,,,,,,,
,diff(summary),100% (10/10),-11.22e-3,,5.581e-3,-1.401e-3,5.411e-3,,0
"Yield Estimate: 100 %(10 passed/10 pts) | Parameters: ch0=0,ch1=0,ch2=1.8,ch3=0,ch4=0,ch5=1.8,ch6=1.8,ch7=1.8",,,,,,,,,
base_setup,,,,,,,,,
,diff(summary),100% (10/10),14.75e-3,,230.6e-3,164.4e-3,59.54e-3,,0
"Yield Estimate: 100 %(10 passed/10 pts) | Parameters: ch0=0,ch1=0,ch2=1.8,ch3=0,ch4=0,ch5=1.8,ch6=1.8,ch7=0",,,,,,,,,
base_setup,,,,,,,,,
,diff(summary),100% (10/10),-155.4e-3,,-28.93e-3,-68.48e-3,40.09e-3,,0
"Yield Estimate: 100 %(10 passed/10 pts) | Parameters: ch0=0,ch1=0,ch2=1.8,ch3=0,ch4=0,ch5=1.8,ch6=0,ch7=1.8",,,,,,,,,
base_setup,,,,,,,,,
,diff(summary),100% (10/10),161.9e-3,,310.8e-3,235.9e-3,40.94e-3,,0
"Yield Estimate: 100 %(10 passed/10 pts) | Parameters: ch0=0,ch1=0,ch2=1.8,ch3=0,ch4=0,ch5=1.8,ch6=0,ch7=0",,,,,,,,,
base_setup,,,,,,,,,
,diff(summary),100% (10/10),-8.005e-3,,10.26e-3,3.138e-3,5.811e-3,,0
"Yield Estimate: 100 %(10 passed/10 pts) | Parameters: ch0=0,ch1=0,ch2=1.8,ch3=0,ch4=1.8,ch5=0,ch6=1.8,ch7=1.8",,,,,,,,,
base_setup,,,,,,,,,
,diff(summary),100% (10/10),-314.9e-3,,-123.3e-3,-172.8e-3,61.99e-3,,0
"Yield Estimate: 100 %(10 passed/10 pts) | Parameters: ch0=0,ch1=0,ch2=1.8,ch3=0,ch4=1.8,ch5=0,ch6=1.8,ch7=0",,,,,,,,,
base_setup,,,,,,,,,
,diff(summary),100% (10/10),-365e-3,,-191.5e-3,-244.8e-3,56.84e-3,,0
"Yield Estimate: 100 %(10 passed/10 pts) | Parameters: ch0=0,ch1=0,ch2=1.8,ch3=0,ch4=1.8,ch5=0,ch6=0,ch7=1.8",,,,,,,,,
base_setup,,,,,,,,,
,diff(summary),100% (10/10),33.47e-3,,94.38e-3,66.14e-3,18.67e-3,,0
"Yield Estimate: 100 %(10 passed/10 pts) | Parameters: ch0=0,ch1=0,ch2=1.8,ch3=0,ch4=1.8,ch5=0,ch6=0,ch7=0",,,,,,,,,
base_setup,,,,,,,,,
,diff(summary),100% (10/10),-16.93e-3,,1.367e-3,-6.105e-3,5.507e-3,,0
"Yield Estimate: 100 %(10 passed/10 pts) | Parameters: ch0=0,ch1=0,ch2=1.8,ch3=0,ch4=1.8,ch5=1.8,ch6=1.8,ch7=1.8",,,,,,,,,
base_setup,,,,,,,,,
,diff(summary),100% (10/10),-192.6e-3,,85.91e-3,-7.625e-3,78.9e-3,,0
"Yield Estimate: 100 %(10 passed/10 pts) | Parameters: ch0=0,ch1=0,ch2=1.8,ch3=0,ch4=1.8,ch5=1.8,ch6=1.8,ch7=0",,,,,,,,,
base_setup,,,,,,,,,
,diff(summary),100% (10/10),-362.4e-3,,-188e-3,-240.6e-3,57.3e-3,,0
"Yield Estimate: 100 %(10 passed/10 pts) | Parameters: ch0=0,ch1=0,ch2=1.8,ch3=0,ch4=1.8,ch5=1.8,ch6=0,ch7=1.8",,,,,,,,,
base_setup,,,,,,,,,
,diff(summary),100% (10/10),156.5e-3,,307.2e-3,231.6e-3,41.32e-3,,0
"Yield Estimate: 100 %(10 passed/10 pts) | Parameters: ch0=0,ch1=0,ch2=1.8,ch3=0,ch4=1.8,ch5=1.8,ch6=0,ch7=0",,,,,,,,,
base_setup,,,,,,,,,
,diff(summary),100% (10/10),-13.72e-3,,6.067e-3,-1.586e-3,6e-3,,0
"Yield Estimate: 100 %(10 passed/10 pts) | Parameters: ch0=0,ch1=0,ch2=1.8,ch3=1.8,ch4=0,ch5=0,ch6=1.8,ch7=1.8",,,,,,,,,
base_setup,,,,,,,,,
,diff(summary),100% (10/10),-107.6e-3,,32.1e-3,-842e-6,42.15e-3,,0
"Yield Estimate: 100 %(10 passed/10 pts) | Parameters: ch0=0,ch1=0,ch2=1.8,ch3=1.8,ch4=0,ch5=0,ch6=1.8,ch7=0",,,,,,,,,
base_setup,,,,,,,,,
,diff(summary),100% (10/10),-158.6e-3,,-33.7e-3,-73.04e-3,39.79e-3,,0
"Yield Estimate: 100 %(10 passed/10 pts) | Parameters: ch0=0,ch1=0,ch2=1.8,ch3=1.8,ch4=0,ch5=0,ch6=0,ch7=1.8",,,,,,,,,
base_setup,,,,,,,,,
,diff(summary),100% (10/10),39.15e-3,,97.9e-3,70.84e-3,18.35e-3,,0
"Yield Estimate: 100 %(10 passed/10 pts) | Parameters: ch0=0,ch1=0,ch2=1.8,ch3=1.8,ch4=0,ch5=0,ch6=0,ch7=0",,,,,,,,,
base_setup,,,,,,,,,
,diff(summary),100% (10/10),-11.19e-3,,5.483e-3,-1.379e-3,5.399e-3,,0
"Yield Estimate: 100 %(10 passed/10 pts) | Parameters: ch0=0,ch1=0,ch2=1.8,ch3=1.8,ch4=0,ch5=1.8,ch6=1.8,ch7=1.8",,,,,,,,,
base_setup,,,,,,,,,
,diff(summary),100% (10/10),11.77e-3,,217.3e-3,163.7e-3,56.96e-3,,0
"Yield Estimate: 100 %(10 passed/10 pts) | Parameters: ch0=0,ch1=0,ch2=1.8,ch3=1.8,ch4=0,ch5=1.8,ch6=1.8,ch7=0",,,,,,,,,
base_setup,,,,,,,,,
,diff(summary),100% (10/10),-155.6e-3,,-28.94e-3,-68.52e-3,40.11e-3,,0
"Yield Estimate: 100 %(10 passed/10 pts) | Parameters: ch0=0,ch1=0,ch2=1.8,ch3=1.8,ch4=0,ch5=1.8,ch6=0,ch7=1.8",,,,,,,,,
base_setup,,,,,,,,,
,diff(summary),100% (10/10),159e-3,,297.7e-3,235.2e-3,38.91e-3,,0
"Yield Estimate: 100 %(10 passed/10 pts) | Parameters: ch0=0,ch1=0,ch2=1.8,ch3=1.8,ch4=0,ch5=1.8,ch6=0,ch7=0",,,,,,,,,
base_setup,,,,,,,,,
,diff(summary),100% (10/10),-8.061e-3,,10.08e-3,3.171e-3,5.833e-3,,0
"Yield Estimate: 100 %(10 passed/10 pts) | Parameters: ch0=0,ch1=0,ch2=1.8,ch3=1.8,ch4=1.8,ch5=0,ch6=1.8,ch7=1.8",,,,,,,,,
base_setup,,,,,,,,,
,diff(summary),100% (10/10),-315.7e-3,,-123.8e-3,-173.3e-3,62e-3,,0
"Yield Estimate: 100 %(10 passed/10 pts) | Parameters: ch0=0,ch1=0,ch2=1.8,ch3=1.8,ch4=1.8,ch5=0,ch6=1.8,ch7=0",,,,,,,,,
base_setup,,,,,,,,,
,diff(summary),100% (10/10),-365.6e-3,,-191.4e-3,-245.1e-3,56.95e-3,,0
"Yield Estimate: 100 %(10 passed/10 pts) | Parameters: ch0=0,ch1=0,ch2=1.8,ch3=1.8,ch4=1.8,ch5=0,ch6=0,ch7=1.8",,,,,,,,,
base_setup,,,,,,,,,
,diff(summary),100% (10/10),33.54e-3,,94.13e-3,66.26e-3,18.7e-3,,0
"Yield Estimate: 100 %(10 passed/10 pts) | Parameters: ch0=0,ch1=0,ch2=1.8,ch3=1.8,ch4=1.8,ch5=0,ch6=0,ch7=0",,,,,,,,,
base_setup,,,,,,,,,
,diff(summary),100% (10/10),-16.91e-3,,1.29e-3,-6.081e-3,5.493e-3,,0
"Yield Estimate: 100 %(10 passed/10 pts) | Parameters: ch0=0,ch1=0,ch2=1.8,ch3=1.8,ch4=1.8,ch5=1.8,ch6=1.8,ch7=1.8",,,,,,,,,
base_setup,,,,,,,,,
,diff(summary),100% (10/10),-196.4e-3,,72.15e-3,-8.865e-3,76.12e-3,,0
"Yield Estimate: 100 %(10 passed/10 pts) | Parameters: ch0=0,ch1=0,ch2=1.8,ch3=1.8,ch4=1.8,ch5=1.8,ch6=1.8,ch7=0",,,,,,,,,
base_setup,,,,,,,,,
,diff(summary),100% (10/10),-363.2e-3,,-187.9e-3,-241.1e-3,57.32e-3,,0
"Yield Estimate: 100 %(10 passed/10 pts) | Parameters: ch0=0,ch1=0,ch2=1.8,ch3=1.8,ch4=1.8,ch5=1.8,ch6=0,ch7=1.8",,,,,,,,,
base_setup,,,,,,,,,
,diff(summary),100% (10/10),153.4e-3,,294.1e-3,230.9e-3,39.35e-3,,0
"Yield Estimate: 100 %(10 passed/10 pts) | Parameters: ch0=0,ch1=0,ch2=1.8,ch3=1.8,ch4=1.8,ch5=1.8,ch6=0,ch7=0",,,,,,,,,
base_setup,,,,,,,,,
,diff(summary),100% (10/10),-14.39e-3,,6.431e-3,-1.635e-3,6.147e-3,,0
"Yield Estimate: 100 %(10 passed/10 pts) | Parameters: ch0=0,ch1=0,ch2=0,ch3=0,ch4=0,ch5=0,ch6=1.8,ch7=1.8",,,,,,,,,
base_setup,,,,,,,,,
,diff(summary),100% (10/10),-107.4e-3,,31.65e-3,-981.5e-6,42.05e-3,,0
"Yield Estimate: 100 %(10 passed/10 pts) | Parameters: ch0=0,ch1=0,ch2=0,ch3=0,ch4=0,ch5=0,ch6=1.8,ch7=0",,,,,,,,,
base_setup,,,,,,,,,
,diff(summary),100% (10/10),-157.6e-3,,-33.89e-3,-72.81e-3,39.51e-3,,0
"Yield Estimate: 100 %(10 passed/10 pts) | Parameters: ch0=0,ch1=0,ch2=0,ch3=0,ch4=0,ch5=0,ch6=0,ch7=1.8",,,,,,,,,
base_setup,,,,,,,,,
,diff(summary),100% (10/10),38.97e-3,,97.5e-3,70.18e-3,18.22e-3,,0
"Yield Estimate: 100 %(10 passed/10 pts) | Parameters: ch0=0,ch1=0,ch2=0,ch3=0,ch4=0,ch5=0,ch6=0,ch7=0",,,,,,,,,
base_setup,,,,,,,,,
,diff(summary),100% (10/10),-93.94e-3,,23.19e-3,-5.494e-3,35.28e-3,,0
"Yield Estimate: 100 %(10 passed/10 pts) | Parameters: ch0=0,ch1=0,ch2=0,ch3=0,ch4=0,ch5=1.8,ch6=1.8,ch7=1.8",,,,,,,,,
base_setup,,,,,,,,,
,diff(summary),100% (10/10),15.23e-3,,230.6e-3,164.1e-3,59.26e-3,,0
"Yield Estimate: 100 %(10 passed/10 pts) | Parameters: ch0=0,ch1=0,ch2=0,ch3=0,ch4=0,ch5=1.8,ch6=1.8,ch7=0",,,,,,,,,
base_setup,,,,,,,,,
,diff(summary),100% (10/10),-154.5e-3,,-29.41e-3,-68.46e-3,39.75e-3,,0
"Yield Estimate: 100 %(10 passed/10 pts) | Parameters: ch0=0,ch1=0,ch2=0,ch3=0,ch4=0,ch5=1.8,ch6=0,ch7=1.8",,,,,,,,,
base_setup,,,,,,,,,
,diff(summary),100% (10/10),161.4e-3,,310.4e-3,235.4e-3,40.97e-3,,0
"Yield Estimate: 100 %(10 passed/10 pts) | Parameters: ch0=0,ch1=0,ch2=0,ch3=0,ch4=0,ch5=1.8,ch6=0,ch7=0",,,,,,,,,
base_setup,,,,,,,,,
,diff(summary),100% (10/10),-8.023e-3,,10.3e-3,3.119e-3,5.798e-3,,0
"Yield Estimate: 100 %(10 passed/10 pts) | Parameters: ch0=0,ch1=0,ch2=0,ch3=0,ch4=1.8,ch5=0,ch6=1.8,ch7=1.8",,,,,,,,,
base_setup,,,,,,,,,
,diff(summary),100% (10/10),-290.6e-3,,-118.4e-3,-175.5e-3,53.41e-3,,0
"Yield Estimate: 100 %(10 passed/10 pts) | Parameters: ch0=0,ch1=0,ch2=0,ch3=0,ch4=1.8,ch5=0,ch6=1.8,ch7=0",,,,,,,,,
base_setup,,,,,,,,,
,diff(summary),100% (10/10),-340.5e-3,,-189.5e-3,-247.3e-3,47.38e-3,,0
"Yield Estimate: 100 %(10 passed/10 pts) | Parameters: ch0=0,ch1=0,ch2=0,ch3=0,ch4=1.8,ch5=0,ch6=0,ch7=1.8",,,,,,,,,
base_setup,,,,,,,,,
,diff(summary),100% (10/10),33.78e-3,,94.33e-3,65.82e-3,18.6e-3,,0
"Yield Estimate: 100 %(10 passed/10 pts) | Parameters: ch0=0,ch1=0,ch2=0,ch3=0,ch4=1.8,ch5=0,ch6=0,ch7=0",,,,,,,,,
base_setup,,,,,,,,,
,diff(summary),100% (10/10),-16.29e-3,,923.3e-6,-6.191e-3,5.277e-3,,0
"Yield Estimate: 100 %(10 passed/10 pts) | Parameters: ch0=0,ch1=0,ch2=0,ch3=0,ch4=1.8,ch5=1.8,ch6=1.8,ch7=1.8",,,,,,,,,
base_setup,,,,,,,,,
,diff(summary),100% (10/10),-168.3e-3,,93.72e-3,-10.61e-3,69.37e-3,,0
"Yield Estimate: 100 %(10 passed/10 pts) | Parameters: ch0=0,ch1=0,ch2=0,ch3=0,ch4=1.8,ch5=1.8,ch6=1.8,ch7=0",,,,,,,,,
base_setup,,,,,,,,,
,diff(summary),100% (10/10),-337.8e-3,,-185.9e-3,-243.3e-3,47.78e-3,,0
"Yield Estimate: 100 %(10 passed/10 pts) | Parameters: ch0=0,ch1=0,ch2=0,ch3=0,ch4=1.8,ch5=1.8,ch6=0,ch7=1.8",,,,,,,,,
base_setup,,,,,,,,,
,diff(summary),100% (10/10),156.7e-3,,307.1e-3,231.1e-3,41.16e-3,,0
"Yield Estimate: 100 %(10 passed/10 pts) | Parameters: ch0=0,ch1=0,ch2=0,ch3=0,ch4=1.8,ch5=1.8,ch6=0,ch7=0",,,,,,,,,
base_setup,,,,,,,,,
,diff(summary),100% (10/10),-13.08e-3,,5.607e-3,-1.672e-3,5.727e-3,,0
"Yield Estimate: 100 %(10 passed/10 pts) | Parameters: ch0=0,ch1=0,ch2=0,ch3=1.8,ch4=0,ch5=0,ch6=1.8,ch7=1.8",,,,,,,,,
base_setup,,,,,,,,,
,diff(summary),100% (10/10),-107.5e-3,,31.64e-3,-935.2e-6,42.05e-3,,0
"Yield Estimate: 100 %(10 passed/10 pts) | Parameters: ch0=0,ch1=0,ch2=0,ch3=1.8,ch4=0,ch5=0,ch6=1.8,ch7=0",,,,,,,,,
base_setup,,,,,,,,,
,diff(summary),100% (10/10),-157.8e-3,,-34.14e-3,-72.99e-3,39.43e-3,,0
"Yield Estimate: 100 %(10 passed/10 pts) | Parameters: ch0=0,ch1=0,ch2=0,ch3=1.8,ch4=0,ch5=0,ch6=0,ch7=1.8",,,,,,,,,
base_setup,,,,,,,,,
,diff(summary),100% (10/10),38.86e-3,,97.73e-3,70.62e-3,18.37e-3,,0
"Yield Estimate: 100 %(10 passed/10 pts) | Parameters: ch0=0,ch1=0,ch2=0,ch3=1.8,ch4=0,ch5=0,ch6=0,ch7=0",,,,,,,,,
base_setup,,,,,,,,,
,diff(summary),100% (10/10),-11.21e-3,,5.524e-3,-1.401e-3,5.399e-3,,0
"Yield Estimate: 100 %(10 passed/10 pts) | Parameters: ch0=0,ch1=0,ch2=0,ch3=1.8,ch4=0,ch5=1.8,ch6=1.8,ch7=1.8",,,,,,,,,
base_setup,,,,,,,,,
,diff(summary),100% (10/10),12.23e-3,,217.3e-3,163.2e-3,56.66e-3,,0
"Yield Estimate: 100 %(10 passed/10 pts) | Parameters: ch0=0,ch1=0,ch2=0,ch3=1.8,ch4=0,ch5=1.8,ch6=1.8,ch7=0",,,,,,,,,
base_setup,,,,,,,,,
,diff(summary),100% (10/10),-154.8e-3,,-29.27e-3,-68.48e-3,39.76e-3,,0
"Yield Estimate: 100 %(10 passed/10 pts) | Parameters: ch0=0,ch1=0,ch2=0,ch3=1.8,ch4=0,ch5=1.8,ch6=0,ch7=1.8",,,,,,,,,
base_setup,,,,,,,,,
,diff(summary),100% (10/10),158.7e-3,,297.4e-3,234.8e-3,38.91e-3,,0
"Yield Estimate: 100 %(10 passed/10 pts) | Parameters: ch0=0,ch1=0,ch2=0,ch3=1.8,ch4=0,ch5=1.8,ch6=0,ch7=0",,,,,,,,,
base_setup,,,,,,,,,
,diff(summary),100% (10/10),-8.073e-3,,10.11e-3,3.13e-3,5.761e-3,,0
"Yield Estimate: 100 %(10 passed/10 pts) | Parameters: ch0=0,ch1=0,ch2=0,ch3=1.8,ch4=1.8,ch5=0,ch6=1.8,ch7=1.8",,,,,,,,,
base_setup,,,,,,,,,
,diff(summary),100% (10/10),-290.7e-3,,-118.9e-3,-175.7e-3,53.33e-3,,0
"Yield Estimate: 100 %(10 passed/10 pts) | Parameters: ch0=0,ch1=0,ch2=0,ch3=1.8,ch4=1.8,ch5=0,ch6=1.8,ch7=0",,,,,,,,,
base_setup,,,,,,,,,
,diff(summary),100% (10/10),-341e-3,,-189.9e-3,-247.8e-3,47.4e-3,,0
"Yield Estimate: 100 %(10 passed/10 pts) | Parameters: ch0=0,ch1=0,ch2=0,ch3=1.8,ch4=1.8,ch5=0,ch6=0,ch7=1.8",,,,,,,,,
base_setup,,,,,,,,,
,diff(summary),100% (10/10),34.02e-3,,94.18e-3,66.03e-3,18.62e-3,,0
"Yield Estimate: 100 %(10 passed/10 pts) | Parameters: ch0=0,ch1=0,ch2=0,ch3=1.8,ch4=1.8,ch5=0,ch6=0,ch7=0",,,,,,,,,
base_setup,,,,,,,,,
,diff(summary),100% (10/10),-16.27e-3,,830.2e-6,-6.219e-3,5.294e-3,,0
"Yield Estimate: 100 %(10 passed/10 pts) | Parameters: ch0=0,ch1=0,ch2=0,ch3=1.8,ch4=1.8,ch5=1.8,ch6=1.8,ch7=1.8",,,,,,,,,
base_setup,,,,,,,,,
,diff(summary),100% (10/10),-171.9e-3,,80.03e-3,-11.83e-3,67.6e-3,,0
"Yield Estimate: 100 %(10 passed/10 pts) | Parameters: ch0=0,ch1=0,ch2=0,ch3=1.8,ch4=1.8,ch5=1.8,ch6=1.8,ch7=0",,,,,,,,,
base_setup,,,,,,,,,
,diff(summary),100% (10/10),-338.5e-3,,-185.9e-3,-243.6e-3,47.84e-3,,0
"Yield Estimate: 100 %(10 passed/10 pts) | Parameters: ch0=0,ch1=0,ch2=0,ch3=1.8,ch4=1.8,ch5=1.8,ch6=0,ch7=1.8",,,,,,,,,
base_setup,,,,,,,,,
,diff(summary),100% (10/10),153.9e-3,,294e-3,230.4e-3,39.15e-3,,0
"Yield Estimate: 100 %(10 passed/10 pts) | Parameters: ch0=0,ch1=0,ch2=0,ch3=1.8,ch4=1.8,ch5=1.8,ch6=0,ch7=0",,,,,,,,,
base_setup,,,,,,,,,
,diff(summary),100% (10/10),-13.14e-3,,5.433e-3,-1.7e-3,5.719e-3,,0
"Yield Estimate: 100 %(10 passed/10 pts) | Parameters: ch0=1.8,ch1=1.8,ch2=1.8,ch3=0,ch4=0,ch5=0,ch6=1.8,ch7=1.8",,,,,,,,,
base_setup,,,,,,,,,
,diff(summary),100% (10/10),-107.7e-3,,32.49e-3,-770.2e-6,42.23e-3,,0
"Yield Estimate: 100 %(10 passed/10 pts) | Parameters: ch0=1.8,ch1=1.8,ch2=1.8,ch3=0,ch4=0,ch5=0,ch6=1.8,ch7=0",,,,,,,,,
base_setup,,,,,,,,,
,diff(summary),100% (10/10),-158.5e-3,,-33.36e-3,-73.15e-3,39.83e-3,,0
"Yield Estimate: 100 %(10 passed/10 pts) | Parameters: ch0=1.8,ch1=1.8,ch2=1.8,ch3=0,ch4=0,ch5=0,ch6=0,ch7=1.8",,,,,,,,,
base_setup,,,,,,,,,
,diff(summary),100% (10/10),39.4e-3,,97.97e-3,70.98e-3,18.4e-3,,0
"Yield Estimate: 100 %(10 passed/10 pts) | Parameters: ch0=1.8,ch1=1.8,ch2=1.8,ch3=0,ch4=0,ch5=0,ch6=0,ch7=0",,,,,,,,,
base_setup,,,,,,,,,
,diff(summary),100% (10/10),-11.16e-3,,5.415e-3,-1.399e-3,5.401e-3,,0
"Yield Estimate: 100 %(10 passed/10 pts) | Parameters: ch0=1.8,ch1=1.8,ch2=1.8,ch3=0,ch4=0,ch5=1.8,ch6=1.8,ch7=1.8",,,,,,,,,
base_setup,,,,,,,,,
,diff(summary),100% (10/10),15.05e-3,,222e-3,163.9e-3,60.55e-3,,0
"Yield Estimate: 100 %(10 passed/10 pts) | Parameters: ch0=1.8,ch1=1.8,ch2=1.8,ch3=0,ch4=0,ch5=1.8,ch6=1.8,ch7=0",,,,,,,,,
base_setup,,,,,,,,,
,diff(summary),100% (10/10),-155.5e-3,,-28.96e-3,-68.79e-3,40.04e-3,,0
"Yield Estimate: 100 %(10 passed/10 pts) | Parameters: ch0=1.8,ch1=1.8,ch2=1.8,ch3=0,ch4=0,ch5=1.8,ch6=0,ch7=1.8",,,,,,,,,
base_setup,,,,,,,,,
,diff(summary),100% (10/10),162.1e-3,,297.2e-3,235.3e-3,44.76e-3,,0
"Yield Estimate: 100 %(10 passed/10 pts) | Parameters: ch0=1.8,ch1=1.8,ch2=1.8,ch3=0,ch4=0,ch5=1.8,ch6=0,ch7=0",,,,,,,,,
base_setup,,,,,,,,,
,diff(summary),100% (10/10),-7.96e-3,,10.69e-3,3.135e-3,5.933e-3,,0
"Yield Estimate: 100 %(10 passed/10 pts) | Parameters: ch0=1.8,ch1=1.8,ch2=1.8,ch3=0,ch4=1.8,ch5=0,ch6=1.8,ch7=1.8",,,,,,,,,
base_setup,,,,,,,,,
,diff(summary),100% (10/10),-311.9e-3,,-117e-3,-171.9e-3,62.77e-3,,0
"Yield Estimate: 100 %(10 passed/10 pts) | Parameters: ch0=1.8,ch1=1.8,ch2=1.8,ch3=0,ch4=1.8,ch5=0,ch6=1.8,ch7=0",,,,,,,,,
base_setup,,,,,,,,,
,diff(summary),100% (10/10),-361.8e-3,,-181.9e-3,-243.9e-3,58.09e-3,,0
"Yield Estimate: 100 %(10 passed/10 pts) | Parameters: ch0=1.8,ch1=1.8,ch2=1.8,ch3=0,ch4=1.8,ch5=0,ch6=0,ch7=1.8",,,,,,,,,
base_setup,,,,,,,,,
,diff(summary),100% (10/10),33.93e-3,,94.12e-3,66.39e-3,18.7e-3,,0
"Yield Estimate: 100 %(10 passed/10 pts) | Parameters: ch0=1.8,ch1=1.8,ch2=1.8,ch3=0,ch4=1.8,ch5=0,ch6=0,ch7=0",,,,,,,,,
base_setup,,,,,,,,,
,diff(summary),100% (10/10),-16.36e-3,,1.061e-3,-5.951e-3,5.386e-3,,0
"Yield Estimate: 100 %(10 passed/10 pts) | Parameters: ch0=1.8,ch1=1.8,ch2=1.8,ch3=0,ch4=1.8,ch5=1.8,ch6=1.8,ch7=1.8",,,,,,,,,
base_setup,,,,,,,,,
,diff(summary),100% (10/10),-190.2e-3,,69.73e-3,-7.203e-3,80.2e-3,,0
"Yield Estimate: 100 %(10 passed/10 pts) | Parameters: ch0=1.8,ch1=1.8,ch2=1.8,ch3=0,ch4=1.8,ch5=1.8,ch6=1.8,ch7=0",,,,,,,,,
base_setup,,,,,,,,,
,diff(summary),100% (10/10),-359.8e-3,,-179e-3,-240e-3,58.6e-3,,0
"Yield Estimate: 100 %(10 passed/10 pts) | Parameters: ch0=1.8,ch1=1.8,ch2=1.8,ch3=0,ch4=1.8,ch5=1.8,ch6=0,ch7=1.8",,,,,,,,,
base_setup,,,,,,,,,
,diff(summary),100% (10/10),156.9e-3,,293.8e-3,231.3e-3,45.05e-3,,0
"Yield Estimate: 100 %(10 passed/10 pts) | Parameters: ch0=1.8,ch1=1.8,ch2=1.8,ch3=0,ch4=1.8,ch5=1.8,ch6=0,ch7=0",,,,,,,,,
base_setup,,,,,,,,,
,diff(summary),100% (10/10),-13.55e-3,,6.315e-3,-1.483e-3,6.081e-3,,0
"Yield Estimate: 100 %(10 passed/10 pts) | Parameters: ch0=1.8,ch1=1.8,ch2=1.8,ch3=1.8,ch4=0,ch5=0,ch6=1.8,ch7=1.8",,,,,,,,,
base_setup,,,,,,,,,
,diff(summary),100% (10/10),-108e-3,,32.26e-3,-859.8e-6,42.25e-3,,0
"Yield Estimate: 100 %(10 passed/10 pts) | Parameters: ch0=1.8,ch1=1.8,ch2=1.8,ch3=1.8,ch4=0,ch5=0,ch6=1.8,ch7=0",,,,,,,,,
base_setup,,,,,,,,,
,diff(summary),100% (10/10),-159.3e-3,,-33.31e-3,-73.35e-3,39.98e-3,,0
"Yield Estimate: 100 %(10 passed/10 pts) | Parameters: ch0=1.8,ch1=1.8,ch2=1.8,ch3=1.8,ch4=0,ch5=0,ch6=0,ch7=1.8",,,,,,,,,
base_setup,,,,,,,,,
,diff(summary),100% (10/10),39.33e-3,,97.69e-3,71.01e-3,18.48e-3,,0
"Yield Estimate: 100 %(10 passed/10 pts) | Parameters: ch0=1.8,ch1=1.8,ch2=1.8,ch3=1.8,ch4=0,ch5=0,ch6=0,ch7=0",,,,,,,,,
base_setup,,,,,,,,,
,diff(summary),100% (10/10),-11.13e-3,,5.35e-3,-1.378e-3,5.405e-3,,0
"Yield Estimate: 100 %(10 passed/10 pts) | Parameters: ch0=1.8,ch1=1.8,ch2=1.8,ch3=1.8,ch4=0,ch5=1.8,ch6=1.8,ch7=1.8",,,,,,,,,
base_setup,,,,,,,,,
,diff(summary),100% (10/10),12.31e-3,,218.1e-3,164e-3,57.5e-3,,0
"Yield Estimate: 100 %(10 passed/10 pts) | Parameters: ch0=1.8,ch1=1.8,ch2=1.8,ch3=1.8,ch4=0,ch5=1.8,ch6=1.8,ch7=0",,,,,,,,,
base_setup,,,,,,,,,
,diff(summary),100% (10/10),-156e-3,,-29.12e-3,-69e-3,40.08e-3,,0
"Yield Estimate: 100 %(10 passed/10 pts) | Parameters: ch0=1.8,ch1=1.8,ch2=1.8,ch3=1.8,ch4=0,ch5=1.8,ch6=0,ch7=1.8",,,,,,,,,
base_setup,,,,,,,,,
,diff(summary),100% (10/10),159.5e-3,,283.6e-3,234.9e-3,42.13e-3,,0
"Yield Estimate: 100 %(10 passed/10 pts) | Parameters: ch0=1.8,ch1=1.8,ch2=1.8,ch3=1.8,ch4=0,ch5=1.8,ch6=0,ch7=0",,,,,,,,,
base_setup,,,,,,,,,
,diff(summary),100% (10/10),-7.998e-3,,10.5e-3,3.108e-3,5.881e-3,,0
"Yield Estimate: 100 %(10 passed/10 pts) | Parameters: ch0=1.8,ch1=1.8,ch2=1.8,ch3=1.8,ch4=1.8,ch5=0,ch6=1.8,ch7=1.8",,,,,,,,,
base_setup,,,,,,,,,
,diff(summary),100% (10/10),-313.4e-3,,-117.5e-3,-173.2e-3,62.8e-3,,0
"Yield Estimate: 100 %(10 passed/10 pts) | Parameters: ch0=1.8,ch1=1.8,ch2=1.8,ch3=1.8,ch4=1.8,ch5=0,ch6=1.8,ch7=0",,,,,,,,,
base_setup,,,,,,,,,
,diff(summary),100% (10/10),-362.8e-3,,-182.6e-3,-244.5e-3,58.14e-3,,0
"Yield Estimate: 100 %(10 passed/10 pts) | Parameters: ch0=1.8,ch1=1.8,ch2=1.8,ch3=1.8,ch4=1.8,ch5=0,ch6=0,ch7=1.8",,,,,,,,,
base_setup,,,,,,,,,
,diff(summary),100% (10/10),34.06e-3,,94.02e-3,66.61e-3,18.72e-3,,0
"Yield Estimate: 100 %(10 passed/10 pts) | Parameters: ch0=1.8,ch1=1.8,ch2=1.8,ch3=1.8,ch4=1.8,ch5=0,ch6=0,ch7=0",,,,,,,,,
base_setup,,,,,,,,,
,diff(summary),100% (10/10),-16.71e-3,,982.6e-6,-6.019e-3,5.514e-3,,0
"Yield Estimate: 100 %(10 passed/10 pts) | Parameters: ch0=1.8,ch1=1.8,ch2=1.8,ch3=1.8,ch4=1.8,ch5=1.8,ch6=1.8,ch7=1.8",,,,,,,,,
base_setup,,,,,,,,,
,diff(summary),100% (10/10),-93.94e-3,,23.19e-3,-5.494e-3,35.28e-3,,0
"Yield Estimate: 100 %(10 passed/10 pts) | Parameters: ch0=1.8,ch1=1.8,ch2=1.8,ch3=1.8,ch4=1.8,ch5=1.8,ch6=1.8,ch7=0",,,,,,,,,
base_setup,,,,,,,,,
,diff(summary),100% (10/10),-361.8e-3,,-179.8e-3,-241.4e-3,58.72e-3,,0
"Yield Estimate: 100 %(10 passed/10 pts) | Parameters: ch0=1.8,ch1=1.8,ch2=1.8,ch3=1.8,ch4=1.8,ch5=1.8,ch6=0,ch7=1.8",,,,,,,,,
base_setup,,,,,,,,,
,diff(summary),100% (10/10),154.7e-3,,280.9e-3,231.7e-3,42.66e-3,,0
"Yield Estimate: 100 %(10 passed/10 pts) | Parameters: ch0=1.8,ch1=1.8,ch2=1.8,ch3=1.8,ch4=1.8,ch5=1.8,ch6=0,ch7=0",,,,,,,,,
base_setup,,,,,,,,,
,diff(summary),100% (10/10),-13.57e-3,,6.265e-3,-1.53e-3,6.021e-3,,0
"Yield Estimate: 100 %(10 passed/10 pts) | Parameters: ch0=1.8,ch1=1.8,ch2=0,ch3=0,ch4=0,ch5=0,ch6=1.8,ch7=1.8",,,,,,,,,
base_setup,,,,,,,,,
,diff(summary),100% (10/10),-107.3e-3,,31.99e-3,-836.5e-6,42.03e-3,,0
"Yield Estimate: 100 %(10 passed/10 pts) | Parameters: ch0=1.8,ch1=1.8,ch2=0,ch3=0,ch4=0,ch5=0,ch6=1.8,ch7=0",,,,,,,,,
base_setup,,,,,,,,,
,diff(summary),100% (10/10),-157.8e-3,,-33.83e-3,-73.22e-3,39.54e-3,,0
"Yield Estimate: 100 %(10 passed/10 pts) | Parameters: ch0=1.8,ch1=1.8,ch2=0,ch3=0,ch4=0,ch5=0,ch6=0,ch7=1.8",,,,,,,,,
base_setup,,,,,,,,,
,diff(summary),100% (10/10),39.25e-3,,97.82e-3,70.84e-3,18.4e-3,,0
"Yield Estimate: 100 %(10 passed/10 pts) | Parameters: ch0=1.8,ch1=1.8,ch2=0,ch3=0,ch4=0,ch5=0,ch6=0,ch7=0",,,,,,,,,
base_setup,,,,,,,,,
,diff(summary),100% (10/10),-11.17e-3,,5.45e-3,-1.346e-3,5.453e-3,,0
"Yield Estimate: 100 %(10 passed/10 pts) | Parameters: ch0=1.8,ch1=1.8,ch2=0,ch3=0,ch4=0,ch5=1.8,ch6=1.8,ch7=1.8",,,,,,,,,
base_setup,,,,,,,,,
,diff(summary),100% (10/10),15.44e-3,,221.2e-3,163.3e-3,60.25e-3,,0
"Yield Estimate: 100 %(10 passed/10 pts) | Parameters: ch0=1.8,ch1=1.8,ch2=0,ch3=0,ch4=0,ch5=1.8,ch6=1.8,ch7=0",,,,,,,,,
base_setup,,,,,,,,,
,diff(summary),100% (10/10),-154.7e-3,,-29.38e-3,-68.79e-3,39.72e-3,,0
"Yield Estimate: 100 %(10 passed/10 pts) | Parameters: ch0=1.8,ch1=1.8,ch2=0,ch3=0,ch4=0,ch5=1.8,ch6=0,ch7=1.8",,,,,,,,,
base_setup,,,,,,,,,
,diff(summary),100% (10/10),161.9e-3,,296.9e-3,234.9e-3,44.75e-3,,0
"Yield Estimate: 100 %(10 passed/10 pts) | Parameters: ch0=1.8,ch1=1.8,ch2=0,ch3=0,ch4=0,ch5=1.8,ch6=0,ch7=0",,,,,,,,,
base_setup,,,,,,,,,
,diff(summary),100% (10/10),-7.962e-3,,10.74e-3,3.074e-3,5.93e-3,,0
"Yield Estimate: 100 %(10 passed/10 pts) | Parameters: ch0=1.8,ch1=1.8,ch2=0,ch3=0,ch4=1.8,ch5=0,ch6=1.8,ch7=1.8",,,,,,,,,
base_setup,,,,,,,,,
,diff(summary),100% (10/10),-286.7e-3,,-114.6e-3,-174.2e-3,53.65e-3,,0
"Yield Estimate: 100 %(10 passed/10 pts) | Parameters: ch0=1.8,ch1=1.8,ch2=0,ch3=0,ch4=1.8,ch5=0,ch6=1.8,ch7=0",,,,,,,,,
base_setup,,,,,,,,,
,diff(summary),100% (10/10),-336.9e-3,,-179.4e-3,-246.1e-3,48.37e-3,,0
"Yield Estimate: 100 %(10 passed/10 pts) | Parameters: ch0=1.8,ch1=1.8,ch2=0,ch3=0,ch4=1.8,ch5=0,ch6=0,ch7=1.8",,,,,,,,,
base_setup,,,,,,,,,
,diff(summary),100% (10/10),34.42e-3,,94.22e-3,66.24e-3,18.62e-3,,0
"Yield Estimate: 100 %(10 passed/10 pts) | Parameters: ch0=1.8,ch1=1.8,ch2=0,ch3=0,ch4=1.8,ch5=0,ch6=0,ch7=0",,,,,,,,,
base_setup,,,,,,,,,
,diff(summary),100% (10/10),-16.18e-3,,614.1e-6,-6.101e-3,5.264e-3,,0
"Yield Estimate: 100 %(10 passed/10 pts) | Parameters: ch0=1.8,ch1=1.8,ch2=0,ch3=0,ch4=1.8,ch5=1.8,ch6=1.8,ch7=1.8",,,,,,,,,
base_setup,,,,,,,,,
,diff(summary),100% (10/10),-164.7e-3,,77.71e-3,-10.02e-3,69.18e-3,,0
"Yield Estimate: 100 %(10 passed/10 pts) | Parameters: ch0=1.8,ch1=1.8,ch2=0,ch3=0,ch4=1.8,ch5=1.8,ch6=1.8,ch7=0",,,,,,,,,
base_setup,,,,,,,,,
,diff(summary),100% (10/10),-334.3e-3,,-176.5e-3,-242.2e-3,48.63e-3,,0
"Yield Estimate: 100 %(10 passed/10 pts) | Parameters: ch0=1.8,ch1=1.8,ch2=0,ch3=0,ch4=1.8,ch5=1.8,ch6=0,ch7=1.8",,,,,,,,,
base_setup,,,,,,,,,
,diff(summary),100% (10/10),157e-3,,293.4e-3,230.5e-3,44.85e-3,,0
"Yield Estimate: 100 %(10 passed/10 pts) | Parameters: ch0=1.8,ch1=1.8,ch2=0,ch3=0,ch4=1.8,ch5=1.8,ch6=0,ch7=0",,,,,,,,,
base_setup,,,,,,,,,
,diff(summary),100% (10/10),-12.91e-3,,5.893e-3,-1.587e-3,5.741e-3,,0
"Yield Estimate: 100 %(10 passed/10 pts) | Parameters: ch0=1.8,ch1=1.8,ch2=0,ch3=1.8,ch4=0,ch5=0,ch6=1.8,ch7=1.8",,,,,,,,,
base_setup,,,,,,,,,
,diff(summary),100% (10/10),-107.3e-3,,31.77e-3,-953.8e-6,41.97e-3,,0
"Yield Estimate: 100 %(10 passed/10 pts) | Parameters: ch0=1.8,ch1=1.8,ch2=0,ch3=1.8,ch4=0,ch5=0,ch6=1.8,ch7=0",,,,,,,,,
base_setup,,,,,,,,,
,diff(summary),100% (10/10),-157.9e-3,,-33.83e-3,-73.27e-3,39.51e-3,,0
"Yield Estimate: 100 %(10 passed/10 pts) | Parameters: ch0=1.8,ch1=1.8,ch2=0,ch3=1.8,ch4=0,ch5=0,ch6=0,ch7=1.8",,,,,,,,,
base_setup,,,,,,,,,
,diff(summary),100% (10/10),39.31e-3,,97.56e-3,70.94e-3,18.42e-3,,0
"Yield Estimate: 100 %(10 passed/10 pts) | Parameters: ch0=1.8,ch1=1.8,ch2=0,ch3=1.8,ch4=0,ch5=0,ch6=0,ch7=0",,,,,,,,,
base_setup,,,,,,,,,
,diff(summary),100% (10/10),-11.18e-3,,5.385e-3,-1.436e-3,5.443e-3,,0
"Yield Estimate: 100 %(10 passed/10 pts) | Parameters: ch0=1.8,ch1=1.8,ch2=0,ch3=1.8,ch4=0,ch5=1.8,ch6=1.8,ch7=1.8",,,,,,,,,
base_setup,,,,,,,,,
,diff(summary),100% (10/10),12.5e-3,,217.3e-3,162.6e-3,57.18e-3,,0
"Yield Estimate: 100 %(10 passed/10 pts) | Parameters: ch0=1.8,ch1=1.8,ch2=0,ch3=1.8,ch4=0,ch5=1.8,ch6=1.8,ch7=0",,,,,,,,,
base_setup,,,,,,,,,
,diff(summary),100% (10/10),-154.8e-3,,-29.58e-3,-68.96e-3,39.65e-3,,0
"Yield Estimate: 100 %(10 passed/10 pts) | Parameters: ch0=1.8,ch1=1.8,ch2=0,ch3=1.8,ch4=0,ch5=1.8,ch6=0,ch7=1.8",,,,,,,,,
base_setup,,,,,,,,,
,diff(summary),100% (10/10),158.9e-3,,283e-3,234e-3,42.08e-3,,0
"Yield Estimate: 100 %(10 passed/10 pts) | Parameters: ch0=1.8,ch1=1.8,ch2=0,ch3=1.8,ch4=0,ch5=1.8,ch6=0,ch7=0",,,,,,,,,
base_setup,,,,,,,,,
,diff(summary),100% (10/10),-8.018e-3,,10.27e-3,3.07e-3,5.86e-3,,0
"Yield Estimate: 100 %(10 passed/10 pts) | Parameters: ch0=1.8,ch1=1.8,ch2=0,ch3=1.8,ch4=1.8,ch5=0,ch6=1.8,ch7=1.8",,,,,,,,,
base_setup,,,,,,,,,
,diff(summary),100% (10/10),-287.6e-3,,-114.6e-3,-174.8e-3,53.67e-3,,0
"Yield Estimate: 100 %(10 passed/10 pts) | Parameters: ch0=1.8,ch1=1.8,ch2=0,ch3=1.8,ch4=1.8,ch5=0,ch6=1.8,ch7=0",,,,,,,,,
base_setup,,,,,,,,,
,diff(summary),100% (10/10),-337.6e-3,,-180e-3,-246.7e-3,48.38e-3,,0
"Yield Estimate: 100 %(10 passed/10 pts) | Parameters: ch0=1.8,ch1=1.8,ch2=0,ch3=1.8,ch4=1.8,ch5=0,ch6=0,ch7=1.8",,,,,,,,,
base_setup,,,,,,,,,
,diff(summary),100% (10/10),34.29e-3,,93.89e-3,66.31e-3,18.69e-3,,0
"Yield Estimate: 100 %(10 passed/10 pts) | Parameters: ch0=1.8,ch1=1.8,ch2=0,ch3=1.8,ch4=1.8,ch5=0,ch6=0,ch7=0",,,,,,,,,
base_setup,,,,,,,,,
,diff(summary),100% (10/10),-16.26e-3,,549.8e-6,-6.114e-3,5.27e-3,,0
"Yield Estimate: 100 %(10 passed/10 pts) | Parameters: ch0=1.8,ch1=1.8,ch2=0,ch3=1.8,ch4=1.8,ch5=1.8,ch6=1.8,ch7=1.8",,,,,,,,,
base_setup,,,,,,,,,
,diff(summary),100% (10/10),-169e-3,,62.81e-3,-11.3e-3,67.34e-3,,0
"Yield Estimate: 100 %(10 passed/10 pts) | Parameters: ch0=1.8,ch1=1.8,ch2=0,ch3=1.8,ch4=1.8,ch5=1.8,ch6=1.8,ch7=0",,,,,,,,,
base_setup,,,,,,,,,
,diff(summary),100% (10/10),-335.5e-3,,-176.7e-3,-242.9e-3,48.68e-3,,0
"Yield Estimate: 100 %(10 passed/10 pts) | Parameters: ch0=1.8,ch1=1.8,ch2=0,ch3=1.8,ch4=1.8,ch5=1.8,ch6=0,ch7=1.8",,,,,,,,,
base_setup,,,,,,,,,
,diff(summary),100% (10/10),154.5e-3,,279.8e-3,230.1e-3,42.25e-3,,0
"Yield Estimate: 100 %(10 passed/10 pts) | Parameters: ch0=1.8,ch1=1.8,ch2=0,ch3=1.8,ch4=1.8,ch5=1.8,ch6=0,ch7=0",,,,,,,,,
base_setup,,,,,,,,,
,diff(summary),100% (10/10),-12.96e-3,,5.705e-3,-1.691e-3,5.764e-3,,0
"Yield Estimate: 100 %(10 passed/10 pts) | Parameters: ch0=1.8,ch1=0,ch2=1.8,ch3=0,ch4=0,ch5=0,ch6=1.8,ch7=1.8",,,,,,,,,
base_setup,,,,,,,,,
,diff(summary),100% (10/10),-108e-3,,31.95e-3,-770.8e-6,42.36e-3,,0
"Yield Estimate: 100 %(10 passed/10 pts) | Parameters: ch0=1.8,ch1=0,ch2=1.8,ch3=0,ch4=0,ch5=0,ch6=1.8,ch7=0",,,,,,,,,
base_setup,,,,,,,,,
,diff(summary),100% (10/10),-158.9e-3,,-33.36e-3,-73.07e-3,39.96e-3,,0
"Yield Estimate: 100 %(10 passed/10 pts) | Parameters: ch0=1.8,ch1=0,ch2=1.8,ch3=0,ch4=0,ch5=0,ch6=0,ch7=1.8",,,,,,,,,
base_setup,,,,,,,,,
,diff(summary),100% (10/10),39.23e-3,,98.3e-3,70.88e-3,18.33e-3,,0
"Yield Estimate: 100 %(10 passed/10 pts) | Parameters: ch0=1.8,ch1=0,ch2=1.8,ch3=0,ch4=0,ch5=0,ch6=0,ch7=0",,,,,,,,,
base_setup,,,,,,,,,
,diff(summary),100% (10/10),-11.19e-3,,5.473e-3,-1.378e-3,5.404e-3,,0
"Yield Estimate: 100 %(10 passed/10 pts) | Parameters: ch0=1.8,ch1=0,ch2=1.8,ch3=0,ch4=0,ch5=1.8,ch6=1.8,ch7=1.8",,,,,,,,,
base_setup,,,,,,,,,
,diff(summary),100% (10/10),15.09e-3,,230.7e-3,164.9e-3,59.54e-3,,0
"Yield Estimate: 100 %(10 passed/10 pts) | Parameters: ch0=1.8,ch1=0,ch2=1.8,ch3=0,ch4=0,ch5=1.8,ch6=1.8,ch7=0",,,,,,,,,
base_setup,,,,,,,,,
,diff(summary),100% (10/10),-155.3e-3,,-28.58e-3,-68.52e-3,40.16e-3,,0
"Yield Estimate: 100 %(10 passed/10 pts) | Parameters: ch0=1.8,ch1=0,ch2=1.8,ch3=0,ch4=0,ch5=1.8,ch6=0,ch7=1.8",,,,,,,,,
base_setup,,,,,,,,,
,diff(summary),100% (10/10),162.2e-3,,311.1e-3,236.4e-3,40.95e-3,,0
"Yield Estimate: 100 %(10 passed/10 pts) | Parameters: ch0=1.8,ch1=0,ch2=1.8,ch3=0,ch4=0,ch5=1.8,ch6=0,ch7=0",,,,,,,,,
base_setup,,,,,,,,,
,diff(summary),100% (10/10),-7.973e-3,,10.31e-3,3.107e-3,5.815e-3,,0
"Yield Estimate: 100 %(10 passed/10 pts) | Parameters: ch0=1.8,ch1=0,ch2=1.8,ch3=0,ch4=1.8,ch5=0,ch6=1.8,ch7=1.8",,,,,,,,,
base_setup,,,,,,,,,
,diff(summary),100% (10/10),-311.1e-3,,-115.9e-3,-171.1e-3,62.78e-3,,0
"Yield Estimate: 100 %(10 passed/10 pts) | Parameters: ch0=1.8,ch1=0,ch2=1.8,ch3=0,ch4=1.8,ch5=0,ch6=1.8,ch7=0",,,,,,,,,
base_setup,,,,,,,,,
,diff(summary),100% (10/10),-361.1e-3,,-180.7e-3,-243.2e-3,58.16e-3,,0
"Yield Estimate: 100 %(10 passed/10 pts) | Parameters: ch0=1.8,ch1=0,ch2=1.8,ch3=0,ch4=1.8,ch5=0,ch6=0,ch7=1.8",,,,,,,,,
base_setup,,,,,,,,,
,diff(summary),100% (10/10),33.75e-3,,94.48e-3,66.35e-3,18.63e-3,,0
"Yield Estimate: 100 %(10 passed/10 pts) | Parameters: ch0=1.8,ch1=0,ch2=1.8,ch3=0,ch4=1.8,ch5=0,ch6=0,ch7=0",,,,,,,,,
base_setup,,,,,,,,,
,diff(summary),100% (10/10),-16.35e-3,,1.467e-3,-5.915e-3,5.43e-3,,0
"Yield Estimate: 100 %(10 passed/10 pts) | Parameters: ch0=1.8,ch1=0,ch2=1.8,ch3=0,ch4=1.8,ch5=1.8,ch6=1.8,ch7=1.8",,,,,,,,,
base_setup,,,,,,,,,
,diff(summary),100% (10/10),-188.6e-3,,84.29e-3,-5.697e-3,79.36e-3,,0
"Yield Estimate: 100 %(10 passed/10 pts) | Parameters: ch0=1.8,ch1=0,ch2=1.8,ch3=0,ch4=1.8,ch5=1.8,ch6=1.8,ch7=0",,,,,,,,,
base_setup,,,,,,,,,
,diff(summary),100% (10/10),-358.6e-3,,-177.8e-3,-239.2e-3,58.56e-3,,0
"Yield Estimate: 100 %(10 passed/10 pts) | Parameters: ch0=1.8,ch1=0,ch2=1.8,ch3=0,ch4=1.8,ch5=1.8,ch6=0,ch7=1.8",,,,,,,,,
base_setup,,,,,,,,,
,diff(summary),100% (10/10),156.9e-3,,307.2e-3,232.1e-3,41.29e-3,,0
"Yield Estimate: 100 %(10 passed/10 pts) | Parameters: ch0=1.8,ch1=0,ch2=1.8,ch3=0,ch4=1.8,ch5=1.8,ch6=0,ch7=0",,,,,,,,,
base_setup,,,,,,,,,
,diff(summary),100% (10/10),-13.57e-3,,6.372e-3,-1.477e-3,6.022e-3,,0
"Yield Estimate: 100 %(10 passed/10 pts) | Parameters: ch0=1.8,ch1=0,ch2=1.8,ch3=1.8,ch4=0,ch5=0,ch6=1.8,ch7=1.8",,,,,,,,,
base_setup,,,,,,,,,
,diff(summary),100% (10/10),-107.6e-3,,31.76e-3,-771.7e-6,42.2e-3,,0
"Yield Estimate: 100 %(10 passed/10 pts) | Parameters: ch0=1.8,ch1=0,ch2=1.8,ch3=1.8,ch4=0,ch5=0,ch6=1.8,ch7=0",,,,,,,,,
base_setup,,,,,,,,,
,diff(summary),100% (10/10),-158.5e-3,,-33.36e-3,-73.02e-3,39.92e-3,,0
"Yield Estimate: 100 %(10 passed/10 pts) | Parameters: ch0=1.8,ch1=0,ch2=1.8,ch3=1.8,ch4=0,ch5=0,ch6=0,ch7=1.8",,,,,,,,,
base_setup,,,,,,,,,
,diff(summary),100% (10/10),39.31e-3,,98.04e-3,70.97e-3,18.35e-3,,0
"Yield Estimate: 100 %(10 passed/10 pts) | Parameters: ch0=1.8,ch1=0,ch2=1.8,ch3=1.8,ch4=0,ch5=0,ch6=0,ch7=0",,,,,,,,,
base_setup,,,,,,,,,
,diff(summary),100% (10/10),-11.16e-3,,5.406e-3,-1.365e-3,5.391e-3,,0
"Yield Estimate: 100 %(10 passed/10 pts) | Parameters: ch0=1.8,ch1=0,ch2=1.8,ch3=1.8,ch4=0,ch5=1.8,ch6=1.8,ch7=1.8",,,,,,,,,
base_setup,,,,,,,,,
,diff(summary),100% (10/10),12.18e-3,,217.6e-3,164.2e-3,56.95e-3,,0
"Yield Estimate: 100 %(10 passed/10 pts) | Parameters: ch0=1.8,ch1=0,ch2=1.8,ch3=1.8,ch4=0,ch5=1.8,ch6=1.8,ch7=0",,,,,,,,,
base_setup,,,,,,,,,
,diff(summary),100% (10/10),-155.5e-3,,-28.62e-3,-68.64e-3,40.12e-3,,0
"Yield Estimate: 100 %(10 passed/10 pts) | Parameters: ch0=1.8,ch1=0,ch2=1.8,ch3=1.8,ch4=0,ch5=1.8,ch6=0,ch7=1.8",,,,,,,,,
base_setup,,,,,,,,,
,diff(summary),100% (10/10),159.2e-3,,298.1e-3,235.6e-3,39.01e-3,,0
"Yield Estimate: 100 %(10 passed/10 pts) | Parameters: ch0=1.8,ch1=0,ch2=1.8,ch3=1.8,ch4=0,ch5=1.8,ch6=0,ch7=0",,,,,,,,,
base_setup,,,,,,,,,
,diff(summary),100% (10/10),-8.425e-3,,10.56e-3,3.007e-3,5.95e-3,,0
"Yield Estimate: 100 %(10 passed/10 pts) | Parameters: ch0=1.8,ch1=0,ch2=1.8,ch3=1.8,ch4=1.8,ch5=0,ch6=1.8,ch7=1.8",,,,,,,,,
base_setup,,,,,,,,,
,diff(summary),100% (10/10),-311.9e-3,,-115.9e-3,-171.9e-3,62.72e-3,,0
"Yield Estimate: 100 %(10 passed/10 pts) | Parameters: ch0=1.8,ch1=0,ch2=1.8,ch3=1.8,ch4=1.8,ch5=0,ch6=1.8,ch7=0",,,,,,,,,
base_setup,,,,,,,,,
,diff(summary),100% (10/10),-361.7e-3,,-181.4e-3,-243.7e-3,58.17e-3,,0
"Yield Estimate: 100 %(10 passed/10 pts) | Parameters: ch0=1.8,ch1=0,ch2=1.8,ch3=1.8,ch4=1.8,ch5=0,ch6=0,ch7=1.8",,,,,,,,,
base_setup,,,,,,,,,
,diff(summary),100% (10/10),33.83e-3,,94.25e-3,66.42e-3,18.66e-3,,0
"Yield Estimate: 100 %(10 passed/10 pts) | Parameters: ch0=1.8,ch1=0,ch2=1.8,ch3=1.8,ch4=1.8,ch5=0,ch6=0,ch7=0",,,,,,,,,
base_setup,,,,,,,,,
,diff(summary),100% (10/10),-16.76e-3,,1.496e-3,-6.028e-3,5.408e-3,,0
"Yield Estimate: 100 %(10 passed/10 pts) | Parameters: ch0=1.8,ch1=0,ch2=1.8,ch3=1.8,ch4=1.8,ch5=1.8,ch6=1.8,ch7=1.8",,,,,,,,,
base_setup,,,,,,,,,
,diff(summary),100% (10/10),-193e-3,,70.32e-3,-6.909e-3,76.88e-3,,0
"Yield Estimate: 100 %(10 passed/10 pts) | Parameters: ch0=1.8,ch1=0,ch2=1.8,ch3=1.8,ch4=1.8,ch5=1.8,ch6=1.8,ch7=0",,,,,,,,,
base_setup,,,,,,,,,
,diff(summary),100% (10/10),-359.7e-3,,-178e-3,-239.9e-3,58.57e-3,,0
"Yield Estimate: 100 %(10 passed/10 pts) | Parameters: ch0=1.8,ch1=0,ch2=1.8,ch3=1.8,ch4=1.8,ch5=1.8,ch6=0,ch7=1.8",,,,,,,,,
base_setup,,,,,,,,,
,diff(summary),100% (10/10),154.2e-3,,294.7e-3,231.7e-3,39.44e-3,,0
"Yield Estimate: 100 %(10 passed/10 pts) | Parameters: ch0=1.8,ch1=0,ch2=1.8,ch3=1.8,ch4=1.8,ch5=1.8,ch6=0,ch7=0",,,,,,,,,
base_setup,,,,,,,,,
,diff(summary),100% (10/10),-14.04e-3,,6.007e-3,-1.511e-3,6.031e-3,,0
"Yield Estimate: 100 %(10 passed/10 pts) | Parameters: ch0=1.8,ch1=0,ch2=0,ch3=0,ch4=0,ch5=0,ch6=1.8,ch7=1.8",,,,,,,,,
base_setup,,,,,,,,,
,diff(summary),100% (10/10),-107.3e-3,,31.4e-3,-879.3e-6,42.04e-3,,0
"Yield Estimate: 100 %(10 passed/10 pts) | Parameters: ch0=1.8,ch1=0,ch2=0,ch3=0,ch4=0,ch5=0,ch6=1.8,ch7=0",,,,,,,,,
base_setup,,,,,,,,,
,diff(summary),100% (10/10),-157.7e-3,,-33.81e-3,-73.05e-3,39.49e-3,,0
"Yield Estimate: 100 %(10 passed/10 pts) | Parameters: ch0=1.8,ch1=0,ch2=0,ch3=0,ch4=0,ch5=0,ch6=0,ch7=1.8",,,,,,,,,
base_setup,,,,,,,,,
,diff(summary),100% (10/10),38.94e-3,,98.1e-3,70.66e-3,18.34e-3,,0
"Yield Estimate: 100 %(10 passed/10 pts) | Parameters: ch0=1.8,ch1=0,ch2=0,ch3=0,ch4=0,ch5=0,ch6=0,ch7=0",,,,,,,,,
base_setup,,,,,,,,,
,diff(summary),100% (10/10),-11.21e-3,,5.519e-3,-1.432e-3,5.403e-3,,0
"Yield Estimate: 100 %(10 passed/10 pts) | Parameters: ch0=1.8,ch1=0,ch2=0,ch3=0,ch4=0,ch5=1.8,ch6=1.8,ch7=1.8",,,,,,,,,
base_setup,,,,,,,,,
,diff(summary),100% (10/10),15.56e-3,,230.7e-3,164.4e-3,59.24e-3,,0
"Yield Estimate: 100 %(10 passed/10 pts) | Parameters: ch0=1.8,ch1=0,ch2=0,ch3=0,ch4=0,ch5=1.8,ch6=1.8,ch7=0",,,,,,,,,
base_setup,,,,,,,,,
,diff(summary),100% (10/10),-154.5e-3,,-29.05e-3,-68.52e-3,39.77e-3,,0
"Yield Estimate: 100 %(10 passed/10 pts) | Parameters: ch0=1.8,ch1=0,ch2=0,ch3=0,ch4=0,ch5=1.8,ch6=0,ch7=1.8",,,,,,,,,
base_setup,,,,,,,,,
,diff(summary),100% (10/10),161.9e-3,,310.8e-3,236e-3,40.97e-3,,0
"Yield Estimate: 100 %(10 passed/10 pts) | Parameters: ch0=1.8,ch1=0,ch2=0,ch3=0,ch4=0,ch5=1.8,ch6=0,ch7=0",,,,,,,,,
base_setup,,,,,,,,,
,diff(summary),100% (10/10),-7.987e-3,,10.24e-3,3.186e-3,5.816e-3,,0
"Yield Estimate: 100 %(10 passed/10 pts) | Parameters: ch0=1.8,ch1=0,ch2=0,ch3=0,ch4=1.8,ch5=0,ch6=1.8,ch7=1.8",,,,,,,,,
base_setup,,,,,,,,,
,diff(summary),100% (10/10),-286.2e-3,,-113.1e-3,-173.6e-3,53.79e-3,,0
"Yield Estimate: 100 %(10 passed/10 pts) | Parameters: ch0=1.8,ch1=0,ch2=0,ch3=0,ch4=1.8,ch5=0,ch6=1.8,ch7=0",,,,,,,,,
base_setup,,,,,,,,,
,diff(summary),100% (10/10),-336.3e-3,,-179e-3,-245.7e-3,48.31e-3,,0
"Yield Estimate: 100 %(10 passed/10 pts) | Parameters: ch0=1.8,ch1=0,ch2=0,ch3=0,ch4=1.8,ch5=0,ch6=0,ch7=1.8",,,,,,,,,
base_setup,,,,,,,,,
,diff(summary),100% (10/10),34.25e-3,,94.54e-3,66.13e-3,18.55e-3,,0
"Yield Estimate: 100 %(10 passed/10 pts) | Parameters: ch0=1.8,ch1=0,ch2=0,ch3=0,ch4=1.8,ch5=0,ch6=0,ch7=0",,,,,,,,,
base_setup,,,,,,,,,
,diff(summary),100% (10/10),-16.24e-3,,641.1e-6,-6.13e-3,5.259e-3,,0
"Yield Estimate: 100 %(10 passed/10 pts) | Parameters: ch0=1.8,ch1=0,ch2=0,ch3=0,ch4=1.8,ch5=1.8,ch6=1.8,ch7=1.8",,,,,,,,,
base_setup,,,,,,,,,
,diff(summary),100% (10/10),-163.7e-3,,92.13e-3,-8.469e-3,69.47e-3,,0
"Yield Estimate: 100 %(10 passed/10 pts) | Parameters: ch0=1.8,ch1=0,ch2=0,ch3=0,ch4=1.8,ch5=1.8,ch6=1.8,ch7=0",,,,,,,,,
base_setup,,,,,,,,,
,diff(summary),100% (10/10),-333.5e-3,,-175.4e-3,-241.4e-3,48.71e-3,,0
"Yield Estimate: 100 %(10 passed/10 pts) | Parameters: ch0=1.8,ch1=0,ch2=0,ch3=0,ch4=1.8,ch5=1.8,ch6=0,ch7=1.8",,,,,,,,,
base_setup,,,,,,,,,
,diff(summary),100% (10/10),157.2e-3,,307.3e-3,231.6e-3,41.15e-3,,0
"Yield Estimate: 100 %(10 passed/10 pts) | Parameters: ch0=1.8,ch1=0,ch2=0,ch3=0,ch4=1.8,ch5=1.8,ch6=0,ch7=0",,,,,,,,,
base_setup,,,,,,,,,
,diff(summary),100% (10/10),-12.91e-3,,5.382e-3,-1.551e-3,5.719e-3,,0
"Yield Estimate: 100 %(10 passed/10 pts) | Parameters: ch0=1.8,ch1=0,ch2=0,ch3=1.8,ch4=0,ch5=0,ch6=1.8,ch7=1.8",,,,,,,,,
base_setup,,,,,,,,,
,diff(summary),100% (10/10),-107.4e-3,,31.34e-3,-842.7e-6,42.03e-3,,0
"Yield Estimate: 100 %(10 passed/10 pts) | Parameters: ch0=1.8,ch1=0,ch2=0,ch3=1.8,ch4=0,ch5=0,ch6=1.8,ch7=0",,,,,,,,,
base_setup,,,,,,,,,
,diff(summary),100% (10/10),-157.7e-3,,-33.85e-3,-73.12e-3,39.5e-3,,0
"Yield Estimate: 100 %(10 passed/10 pts) | Parameters: ch0=1.8,ch1=0,ch2=0,ch3=1.8,ch4=0,ch5=0,ch6=0,ch7=1.8",,,,,,,,,
base_setup,,,,,,,,,
,diff(summary),100% (10/10),39.14e-3,,97.9e-3,70.84e-3,18.36e-3,,0
"Yield Estimate: 100 %(10 passed/10 pts) | Parameters: ch0=1.8,ch1=0,ch2=0,ch3=1.8,ch4=0,ch5=0,ch6=0,ch7=0",,,,,,,,,
base_setup,,,,,,,,,
,diff(summary),100% (10/10),-11.18e-3,,5.466e-3,-1.331e-3,5.327e-3,,0
"Yield Estimate: 100 %(10 passed/10 pts) | Parameters: ch0=1.8,ch1=0,ch2=0,ch3=1.8,ch4=0,ch5=1.8,ch6=1.8,ch7=1.8",,,,,,,,,
base_setup,,,,,,,,,
,diff(summary),100% (10/10),12.57e-3,,217.5e-3,163.6e-3,56.67e-3,,0
"Yield Estimate: 100 %(10 passed/10 pts) | Parameters: ch0=1.8,ch1=0,ch2=0,ch3=1.8,ch4=0,ch5=1.8,ch6=1.8,ch7=0",,,,,,,,,
base_setup,,,,,,,,,
,diff(summary),100% (10/10),-154.7e-3,,-28.98e-3,-68.57e-3,39.79e-3,,0
"Yield Estimate: 100 %(10 passed/10 pts) | Parameters: ch0=1.8,ch1=0,ch2=0,ch3=1.8,ch4=0,ch5=1.8,ch6=0,ch7=1.8",,,,,,,,,
base_setup,,,,,,,,,
,diff(summary),100% (10/10),159e-3,,297.7e-3,235.2e-3,38.95e-3,,0
"Yield Estimate: 100 %(10 passed/10 pts) | Parameters: ch0=1.8,ch1=0,ch2=0,ch3=1.8,ch4=0,ch5=1.8,ch6=0,ch7=0",,,,,,,,,
base_setup,,,,,,,,,
,diff(summary),100% (10/10),-8.042e-3,,10.17e-3,3.138e-3,5.787e-3,,0
"Yield Estimate: 100 %(10 passed/10 pts) | Parameters: ch0=1.8,ch1=0,ch2=0,ch3=1.8,ch4=1.8,ch5=0,ch6=1.8,ch7=1.8",,,,,,,,,
base_setup,,,,,,,,,
,diff(summary),100% (10/10),-286.7e-3,,-113.3e-3,-174.1e-3,53.7e-3,,0
"Yield Estimate: 100 %(10 passed/10 pts) | Parameters: ch0=1.8,ch1=0,ch2=0,ch3=1.8,ch4=1.8,ch5=0,ch6=1.8,ch7=0",,,,,,,,,
base_setup,,,,,,,,,
,diff(summary),100% (10/10),-336.7e-3,,-178.9e-3,-246e-3,48.4e-3,,0
"Yield Estimate: 100 %(10 passed/10 pts) | Parameters: ch0=1.8,ch1=0,ch2=0,ch3=1.8,ch4=1.8,ch5=0,ch6=0,ch7=1.8",,,,,,,,,
base_setup,,,,,,,,,
,diff(summary),100% (10/10),34.32e-3,,94.29e-3,66.24e-3,18.59e-3,,0
"Yield Estimate: 100 %(10 passed/10 pts) | Parameters: ch0=1.8,ch1=0,ch2=0,ch3=1.8,ch4=1.8,ch5=0,ch6=0,ch7=0",,,,,,,,,
base_setup,,,,,,,,,
,diff(summary),100% (10/10),-16.11e-3,,605e-6,-6.055e-3,5.276e-3,,0
"Yield Estimate: 100 %(10 passed/10 pts) | Parameters: ch0=1.8,ch1=0,ch2=0,ch3=1.8,ch4=1.8,ch5=1.8,ch6=1.8,ch7=1.8",,,,,,,,,
base_setup,,,,,,,,,
,diff(summary),100% (10/10),-167.5e-3,,78.35e-3,-9.71e-3,67.95e-3,,0
"Yield Estimate: 100 %(10 passed/10 pts) | Parameters: ch0=1.8,ch1=0,ch2=0,ch3=1.8,ch4=1.8,ch5=1.8,ch6=1.8,ch7=0",,,,,,,,,
base_setup,,,,,,,,,
,diff(summary),100% (10/10),-334.3e-3,,-175.4e-3,-242e-3,48.73e-3,,0
"Yield Estimate: 100 %(10 passed/10 pts) | Parameters: ch0=1.8,ch1=0,ch2=0,ch3=1.8,ch4=1.8,ch5=1.8,ch6=0,ch7=1.8",,,,,,,,,
base_setup,,,,,,,,,
,diff(summary),100% (10/10),154.1e-3,,294.2e-3,230.9e-3,39.23e-3,,0
"Yield Estimate: 100 %(10 passed/10 pts) | Parameters: ch0=1.8,ch1=0,ch2=0,ch3=1.8,ch4=1.8,ch5=1.8,ch6=0,ch7=0",,,,,,,,,
base_setup,,,,,,,,,
,diff(summary),100% (10/10),-12.98e-3,,5.623e-3,-1.632e-3,5.722e-3,,0

